<?xml version="1.0"?>
<doc>
    <assembly>
        <name>Microsoft.VisualStudio.TestPlatform.TestFramework.Extensions</name>
    </assembly>
    <members>
        <member name="T:Microsoft.VisualStudio.TestTools.UnitTesting.DeploymentItemAttribute">
            <summary>
            Used to specify deployment item (file or directory) for per-test deployment.
            Can be specified on test class or test method.
            Can have multiple instances of the attribute to specify more than one item.
            The item path can be absolute or relative, if relative, it is relative to RunConfig.RelativePathRoot.
            </summary>
            <example>
            [DeploymentItem("file1.xml")]
            [DeploymentItem("file2.xml", "DataFiles")]
            [DeploymentItem("bin\Debug")]
            </example>
        </member>
        <member name="M:Microsoft.VisualStudio.TestTools.UnitTesting.DeploymentItemAttribute.#ctor(System.String)">
            <summary>
            Initializes a new instance of the <see cref="T:Microsoft.VisualStudio.TestTools.UnitTesting.DeploymentItemAttribute"/> class.
            </summary>
            <param name="path">The file or directory to deploy. The path is relative to the build output directory. The item will be copied to the same directory as the deployed test assemblies.</param>
        </member>
        <member name="M:Microsoft.VisualStudio.TestTools.UnitTesting.DeploymentItemAttribute.#ctor(System.String,System.String)">
            <summary>
            Initializes a new instance of the <see cref="T:Microsoft.VisualStudio.TestTools.UnitTesting.DeploymentItemAttribute"/> class
            </summary>
            <param name="path">The relative or absolute path to the file or directory to deploy. The path is relative to the build output directory. The item will be copied to the same directory as the deployed test assemblies.</param>
            <param name="outputDirectory">The path of the directory to which the items are to be copied. It can be either absolute or relative to the deployment directory. All files and directories identified by <paramref name="path"/> will be copied to this directory.</param>
        </member>
        <member name="P:Microsoft.VisualStudio.TestTools.UnitTesting.DeploymentItemAttribute.Path">
            <summary>
            Gets the path of the source file or folder to be copied.
            </summary>
        </member>
        <member name="P:Microsoft.VisualStudio.TestTools.UnitTesting.DeploymentItemAttribute.OutputDirectory">
            <summary>
            Gets the path of the directory to which the item is copied.
            </summary>
        </member>
        <member name="T:Microsoft.VisualStudio.TestTools.UnitTesting.ConfigurationNames">
            <summary>
            섹션, 속성, 특성의 이름에 대한 리터럴을 포함합니다.
            </summary>
        </member>
        <member name="F:Microsoft.VisualStudio.TestTools.UnitTesting.ConfigurationNames.SectionName">
            <summary>
            The configuration section name.
            </summary>
        </member>
        <member name="F:Microsoft.VisualStudio.TestTools.UnitTesting.ConfigurationNames.Beta2SectionName">
            <summary>
            The configuration section name for Beta2. Left around for compat.
            </summary>
        </member>
        <member name="F:Microsoft.VisualStudio.TestTools.UnitTesting.ConfigurationNames.DataSourcesSectionName">
            <summary>
            Section name for Data source.
            </summary>
        </member>
        <member name="F:Microsoft.VisualStudio.TestTools.UnitTesting.ConfigurationNames.NameAttributeName">
            <summary>
            Attribute name for 'Name'
            </summary>
        </member>
        <member name="F:Microsoft.VisualStudio.TestTools.UnitTesting.ConfigurationNames.ConnectionStringAttributeName">
            <summary>
            Attribute name for 'ConnectionString'
            </summary>
        </member>
        <member name="F:Microsoft.VisualStudio.TestTools.UnitTesting.ConfigurationNames.DataAccessMethodAttributeName">
            <summary>
            Attrbiute name for 'DataAccessMethod'
            </summary>
        </member>
        <member name="F:Microsoft.VisualStudio.TestTools.UnitTesting.ConfigurationNames.DataTableAttributeName">
            <summary>
            Attribute name for 'DataTable'
            </summary>
        </member>
        <member name="T:Microsoft.VisualStudio.TestTools.UnitTesting.DataSourceElement">
            <summary>
            데이터 원본 요소입니다.
            </summary>
        </member>
        <member name="P:Microsoft.VisualStudio.TestTools.UnitTesting.DataSourceElement.Name">
            <summary>
            Gets or sets the name of this configuration.
            </summary>
        </member>
        <member name="P:Microsoft.VisualStudio.TestTools.UnitTesting.DataSourceElement.ConnectionString">
            <summary>
            Gets or sets the ConnectionStringSettings element in &lt;connectionStrings&gt; section in the .config file.
            </summary>
        </member>
        <member name="P:Microsoft.VisualStudio.TestTools.UnitTesting.DataSourceElement.DataTableName">
            <summary>
            Gets or sets the name of the data table.
            </summary>
        </member>
        <member name="P:Microsoft.VisualStudio.TestTools.UnitTesting.DataSourceElement.DataAccessMethod">
            <summary>
            Gets or sets the type of data access.
            </summary>
        </member>
        <member name="P:Microsoft.VisualStudio.TestTools.UnitTesting.DataSourceElement.Key">
            <summary>
            Gets the key name.
            </summary>
        </member>
        <member name="P:Microsoft.VisualStudio.TestTools.UnitTesting.DataSourceElement.Properties">
            <summary>
            구성 속성을 가져옵니다.
            </summary>
        </member>
        <member name="T:Microsoft.VisualStudio.TestTools.UnitTesting.DataSourceElementCollection">
            <summary>
            데이터 원본 요소 컬렉션입니다.
            </summary>
        </member>
        <member name="M:Microsoft.VisualStudio.TestTools.UnitTesting.DataSourceElementCollection.#ctor">
            <summary>
            Initializes a new instance of the <see cref="T:Microsoft.VisualStudio.TestTools.UnitTesting.DataSourceElementCollection"/> class.
            </summary>
        </member>
        <member name="P:Microsoft.VisualStudio.TestTools.UnitTesting.DataSourceElementCollection.Item(System.String)">
            <summary>
            지정한 키와 함께 구성 요소를 반환합니다.
            </summary>
            <param name="name">반환할 요소의 키입니다.</param>
            <returns>지정한 키가 있는 System.Configuration.ConfigurationElement입니다. 그렇지 않은 경우 null입니다.</returns>
        </member>
        <member name="P:Microsoft.VisualStudio.TestTools.UnitTesting.DataSourceElementCollection.Item(System.Int32)">
            <summary>
            지정한 인덱스 위치에서 구성 요소를 가져옵니다.
            </summary>
            <param name="index">반환할 System.Configuration.ConfigurationElement의 인덱스 위치입니다.</param>
        </member>
        <member name="M:Microsoft.VisualStudio.TestTools.UnitTesting.DataSourceElementCollection.Add(Microsoft.VisualStudio.TestTools.UnitTesting.DataSourceElement)">
            <summary>
            구성 요소 컬렉션에 구성 요소를 추가합니다.
            </summary>
            <param name="element">추가할 System.Configuration.ConfigurationElement입니다.</param>
        </member>
        <member name="M:Microsoft.VisualStudio.TestTools.UnitTesting.DataSourceElementCollection.Remove(Microsoft.VisualStudio.TestTools.UnitTesting.DataSourceElement)">
            <summary>
            컬렉션에서 System.Configuration.ConfigurationElement를 제거합니다.
            </summary>
            <param name="element"><see cref="T:Microsoft.VisualStudio.TestTools.UnitTesting.DataSourceElement"/> .</param>
        </member>
        <member name="M:Microsoft.VisualStudio.TestTools.UnitTesting.DataSourceElementCollection.Remove(System.String)">
            <summary>
            컬렉션에서 System.Configuration.ConfigurationElement를 제거합니다.
            </summary>
            <param name="name">제거할 System.Configuration.ConfigurationElement의 키입니다.</param>
        </member>
        <member name="M:Microsoft.VisualStudio.TestTools.UnitTesting.DataSourceElementCollection.Clear">
            <summary>
            컬렉션에서 모든 구성 요소 개체를 제거합니다.
            </summary>
        </member>
        <member name="M:Microsoft.VisualStudio.TestTools.UnitTesting.DataSourceElementCollection.CreateNewElement">
            <summary>
            다음을 새로 만듭니다. <see cref="T:Microsoft.VisualStudio.TestTools.UnitTesting.DataSourceElement"/>.
            </summary>
            <returns>새 <see cref="T:Microsoft.VisualStudio.TestTools.UnitTesting.DataSourceElement"/>.</returns>
        </member>
        <member name="M:Microsoft.VisualStudio.TestTools.UnitTesting.DataSourceElementCollection.GetElementKey(System.Configuration.ConfigurationElement)">
            <summary>
            지정한 구성 요소의 요소 키를 가져옵니다.
            </summary>
            <param name="element">키를 반환할 System.Configuration.ConfigurationElement입니다.</param>
            <returns>지정한 System.Configuration.ConfigurationElement의 키로 작동하는 System.Object입니다.</returns>
        </member>
        <member name="M:Microsoft.VisualStudio.TestTools.UnitTesting.DataSourceElementCollection.BaseAdd(System.Configuration.ConfigurationElement)">
            <summary>
            구성 요소 컬렉션에 구성 요소를 추가합니다.
            </summary>
            <param name="element">추가할 System.Configuration.ConfigurationElement입니다.</param>
        </member>
        <member name="M:Microsoft.VisualStudio.TestTools.UnitTesting.DataSourceElementCollection.BaseAdd(System.Int32,System.Configuration.ConfigurationElement)">
            <summary>
            구성 요소 컬렉션에 구성 요소를 추가합니다.
            </summary>
            <param name="index">지정한 System.Configuration.ConfigurationElement를 추가할 인덱스 위치입니다.</param>
            <param name="element">추가할 System.Configuration.ConfigurationElement입니다.</param>
        </member>
        <member name="T:Microsoft.VisualStudio.TestTools.UnitTesting.TestConfiguration">
            <summary>
            테스트에 대한 구성 설정을 지원합니다.
            </summary>
        </member>
        <member name="P:Microsoft.VisualStudio.TestTools.UnitTesting.TestConfiguration.ConfigurationSection">
            <summary>
            테스트에 대한 구성 섹션을 가져옵니다.
            </summary>
        </member>
        <member name="T:Microsoft.VisualStudio.TestTools.UnitTesting.TestConfigurationSection">
            <summary>
            테스트에 대한 구성 섹션입니다.
            </summary>
        </member>
        <member name="P:Microsoft.VisualStudio.TestTools.UnitTesting.TestConfigurationSection.DataSources">
            <summary>
            Gets the data sources for this configuration section.
            </summary>
        </member>
        <member name="P:Microsoft.VisualStudio.TestTools.UnitTesting.TestConfigurationSection.Properties">
            <summary>
            속성의 컬렉션을 가져옵니다.
            </summary>
            <returns>
            <see cref="T:System.Configuration.ConfigurationPropertyCollection"/> 요소의 속성입니다.
            </returns>
        </member>
        <member name="T:Microsoft.VisualStudio.TestTools.UnitTesting.PrivateObject">
            <summary>
            This class represents the live NON public INTERNAL object in the system
            </summary>
        </member>
        <member name="M:Microsoft.VisualStudio.TestTools.UnitTesting.PrivateObject.#ctor(System.Object,System.String)">
            <summary>
            Initializes a new instance of the <see cref="T:Microsoft.VisualStudio.TestTools.UnitTesting.PrivateObject"/> class that contains
            the already existing object of the private class
            </summary>
            <param name="obj"> 전용 멤버에 도달하기 위한 시작 지점 역할을 하는 개체</param>
            <param name="memberToAccess">m_X.m_Y.m_Z 형식으로 검색할 개체를 가리키는 마침표(.)를 사용하는 역참조 문자열</param>
        </member>
        <member name="M:Microsoft.VisualStudio.TestTools.UnitTesting.PrivateObject.#ctor(System.String,System.String,System.Object[])">
            <summary>
            Initializes a new instance of the <see cref="T:Microsoft.VisualStudio.TestTools.UnitTesting.PrivateObject"/> class that wraps the
            specified type.
            </summary>
            <param name="assemblyName">Name of the assembly</param>
            <param name="typeName">정규화된 이름</param>
            <param name="args">생성자에 전달할 인수</param>
        </member>
        <member name="M:Microsoft.VisualStudio.TestTools.UnitTesting.PrivateObject.#ctor(System.String,System.String,System.Type[],System.Object[])">
            <summary>
            Initializes a new instance of the <see cref="T:Microsoft.VisualStudio.TestTools.UnitTesting.PrivateObject"/> class that wraps the
            specified type.
            </summary>
            <param name="assemblyName">Name of the assembly</param>
            <param name="typeName">정규화된 이름</param>
            <param name="parameterTypes">다음의 배열: <see cref="T:System.Type"/> 가져올 생성자에 대한 매개 변수의 수, 순서 및 형식을 나타내는 개체</param>
            <param name="args">생성자에 전달할 인수</param>
        </member>
        <member name="M:Microsoft.VisualStudio.TestTools.UnitTesting.PrivateObject.#ctor(System.Type,System.Object[])">
            <summary>
            Initializes a new instance of the <see cref="T:Microsoft.VisualStudio.TestTools.UnitTesting.PrivateObject"/> class that wraps the
            specified type.
            </summary>
            <param name="type">만들 개체의 형식</param>
            <param name="args">생성자에 전달할 인수</param>
        </member>
        <member name="M:Microsoft.VisualStudio.TestTools.UnitTesting.PrivateObject.#ctor(System.Type,System.Type[],System.Object[])">
            <summary>
            Initializes a new instance of the <see cref="T:Microsoft.VisualStudio.TestTools.UnitTesting.PrivateObject"/> class that wraps the
            specified type.
            </summary>
            <param name="type">만들 개체의 형식</param>
            <param name="parameterTypes">다음의 배열: <see cref="T:System.Type"/> 가져올 생성자에 대한 매개 변수의 수, 순서 및 형식을 나타내는 개체</param>
            <param name="args">생성자에 전달할 인수</param>
        </member>
        <member name="M:Microsoft.VisualStudio.TestTools.UnitTesting.PrivateObject.#ctor(System.Object)">
            <summary>
            Initializes a new instance of the <see cref="T:Microsoft.VisualStudio.TestTools.UnitTesting.PrivateObject"/> class that wraps
            the given object.
            </summary>
            <param name="obj">래핑할 개체</param>
        </member>
        <member name="M:Microsoft.VisualStudio.TestTools.UnitTesting.PrivateObject.#ctor(System.Object,Microsoft.VisualStudio.TestTools.UnitTesting.PrivateType)">
            <summary>
            Initializes a new instance of the <see cref="T:Microsoft.VisualStudio.TestTools.UnitTesting.PrivateObject"/> class that wraps
            the given object.
            </summary>
            <param name="obj">래핑할 개체</param>
            <param name="type">PrivateType 개체</param>
        </member>
        <member name="P:Microsoft.VisualStudio.TestTools.UnitTesting.PrivateObject.Target">
            <summary>
            Gets or sets the target
            </summary>
        </member>
        <member name="P:Microsoft.VisualStudio.TestTools.UnitTesting.PrivateObject.RealType">
            <summary>
            Gets the type of underlying object
            </summary>
        </member>
        <member name="M:Microsoft.VisualStudio.TestTools.UnitTesting.PrivateObject.GetHashCode">
            <summary>
            은(는) 대상 개체의 해시 코드를 반환합니다.
            </summary>
            <returns>대상 개체의 해시 코드를 나타내는 INT</returns>
        </member>
        <member name="M:Microsoft.VisualStudio.TestTools.UnitTesting.PrivateObject.Equals(System.Object)">
            <summary>
            같음
            </summary>
            <param name="obj">비교할 개체</param>
            <returns>returns true if the objects are equal.</returns>
        </member>
        <member name="M:Microsoft.VisualStudio.TestTools.UnitTesting.PrivateObject.Invoke(System.String,System.Object[])">
            <summary>
            지정된 메서드를 호출합니다.
            </summary>
            <param name="name">Name of the method</param>
            <param name="args">호출할 멤버에 전달하기 위한 인수.</param>
            <returns>메서드 호출의 결과</returns>
        </member>
        <member name="M:Microsoft.VisualStudio.TestTools.UnitTesting.PrivateObject.Invoke(System.String,System.Type[],System.Object[])">
            <summary>
            지정된 메서드를 호출합니다.
            </summary>
            <param name="name">Name of the method</param>
            <param name="parameterTypes">다음의 배열: <see cref="T:System.Type"/> 메서드가 가져올 매개 변수의 수, 순서 및 형식을 나타내는 개체.</param>
            <param name="args">호출할 멤버에 전달하기 위한 인수.</param>
            <returns>메서드 호출의 결과</returns>
        </member>
        <member name="M:Microsoft.VisualStudio.TestTools.UnitTesting.PrivateObject.Invoke(System.String,System.Type[],System.Object[],System.Type[])">
            <summary>
            지정된 메서드를 호출합니다.
            </summary>
            <param name="name">Name of the method</param>
            <param name="parameterTypes">다음의 배열: <see cref="T:System.Type"/> 메서드가 가져올 매개 변수의 수, 순서 및 형식을 나타내는 개체.</param>
            <param name="args">호출할 멤버에 전달하기 위한 인수.</param>
            <param name="typeArguments">제네릭 인수의 형식에 해당하는 형식의 배열.</param>
            <returns>메서드 호출의 결과</returns>
        </member>
        <member name="M:Microsoft.VisualStudio.TestTools.UnitTesting.PrivateObject.Invoke(System.String,System.Object[],System.Globalization.CultureInfo)">
            <summary>
            지정된 메서드를 호출합니다.
            </summary>
            <param name="name">Name of the method</param>
            <param name="args">호출할 멤버에 전달하기 위한 인수.</param>
            <param name="culture">문화권 정보</param>
            <returns>메서드 호출의 결과</returns>
        </member>
        <member name="M:Microsoft.VisualStudio.TestTools.UnitTesting.PrivateObject.Invoke(System.String,System.Type[],System.Object[],System.Globalization.CultureInfo)">
            <summary>
            지정된 메서드를 호출합니다.
            </summary>
            <param name="name">Name of the method</param>
            <param name="parameterTypes">다음의 배열: <see cref="T:System.Type"/> 메서드가 가져올 매개 변수의 수, 순서 및 형식을 나타내는 개체.</param>
            <param name="args">호출할 멤버에 전달하기 위한 인수.</param>
            <param name="culture">문화권 정보</param>
            <returns>메서드 호출의 결과</returns>
        </member>
        <member name="M:Microsoft.VisualStudio.TestTools.UnitTesting.PrivateObject.Invoke(System.String,System.Reflection.BindingFlags,System.Object[])">
            <summary>
            지정된 메서드를 호출합니다.
            </summary>
            <param name="name">Name of the method</param>
            <param name="bindingFlags">하나 이상의 배열 인덱스로 <see cref="T:System.Reflection.BindingFlags"/> 검색 수행 방법을 지정.</param>
            <param name="args">호출할 멤버에 전달하기 위한 인수.</param>
            <returns>메서드 호출의 결과</returns>
        </member>
        <member name="M:Microsoft.VisualStudio.TestTools.UnitTesting.PrivateObject.Invoke(System.String,System.Reflection.BindingFlags,System.Type[],System.Object[])">
            <summary>
            지정된 메서드를 호출합니다.
            </summary>
            <param name="name">Name of the method</param>
            <param name="bindingFlags">하나 이상의 배열 인덱스로 <see cref="T:System.Reflection.BindingFlags"/> 검색 수행 방법을 지정.</param>
            <param name="parameterTypes">다음의 배열: <see cref="T:System.Type"/> 메서드가 가져올 매개 변수의 수, 순서 및 형식을 나타내는 개체.</param>
            <param name="args">호출할 멤버에 전달하기 위한 인수.</param>
            <returns>메서드 호출의 결과</returns>
        </member>
        <member name="M:Microsoft.VisualStudio.TestTools.UnitTesting.PrivateObject.Invoke(System.String,System.Reflection.BindingFlags,System.Object[],System.Globalization.CultureInfo)">
            <summary>
            지정된 메서드를 호출합니다.
            </summary>
            <param name="name">Name of the method</param>
            <param name="bindingFlags">하나 이상의 배열 인덱스로 <see cref="T:System.Reflection.BindingFlags"/> 검색 수행 방법을 지정.</param>
            <param name="args">호출할 멤버에 전달하기 위한 인수.</param>
            <param name="culture">문화권 정보</param>
            <returns>메서드 호출의 결과</returns>
        </member>
        <member name="M:Microsoft.VisualStudio.TestTools.UnitTesting.PrivateObject.Invoke(System.String,System.Reflection.BindingFlags,System.Type[],System.Object[],System.Globalization.CultureInfo)">
            <summary>
            지정된 메서드를 호출합니다.
            </summary>
            <param name="name">Name of the method</param>
            <param name="bindingFlags">하나 이상의 배열 인덱스로 <see cref="T:System.Reflection.BindingFlags"/> 검색 수행 방법을 지정.</param>
            <param name="parameterTypes">다음의 배열: <see cref="T:System.Type"/> 메서드가 가져올 매개 변수의 수, 순서 및 형식을 나타내는 개체.</param>
            <param name="args">호출할 멤버에 전달하기 위한 인수.</param>
            <param name="culture">문화권 정보</param>
            <returns>메서드 호출의 결과</returns>
        </member>
        <member name="M:Microsoft.VisualStudio.TestTools.UnitTesting.PrivateObject.Invoke(System.String,System.Reflection.BindingFlags,System.Type[],System.Object[],System.Globalization.CultureInfo,System.Type[])">
            <summary>
            지정된 메서드를 호출합니다.
            </summary>
            <param name="name">메서드의 이름</param>
            <param name="bindingFlags">하나 이상의 배열 인덱스로 <see cref="T:System.Reflection.BindingFlags"/> 검색 수행 방법을 지정.</param>
            <param name="parameterTypes">다음의 배열: <see cref="T:System.Type"/> 메서드가 가져올 매개 변수의 수, 순서 및 형식을 나타내는 개체.</param>
            <param name="args">호출할 멤버에 전달하기 위한 인수.</param>
            <param name="culture">문화권 정보</param>
            <param name="typeArguments">제네릭 인수의 형식에 해당하는 형식의 배열.</param>
            <returns>메서드 호출의 결과</returns>
        </member>
        <member name="M:Microsoft.VisualStudio.TestTools.UnitTesting.PrivateObject.GetArrayElement(System.String,System.Int32[])">
            <summary>
            Gets the array element using array of subsrcipts for each dimension
            </summary>
            <param name="name">Name of the member</param>
            <param name="indices">구성된 비트마스크</param>
            <returns>An arrya of elements.</returns>
        </member>
        <member name="M:Microsoft.VisualStudio.TestTools.UnitTesting.PrivateObject.SetArrayElement(System.String,System.Object,System.Int32[])">
            <summary>
            Sets the array element using array of subsrcipts for each dimension
            </summary>
            <param name="name">Name of the member</param>
            <param name="value">설정할 값</param>
            <param name="indices">구성된 비트마스크</param>
        </member>
        <member name="M:Microsoft.VisualStudio.TestTools.UnitTesting.PrivateObject.GetArrayElement(System.String,System.Reflection.BindingFlags,System.Int32[])">
            <summary>
            Gets the array element using array of subsrcipts for each dimension
            </summary>
            <param name="name">Name of the member</param>
            <param name="bindingFlags">하나 이상의 배열 인덱스로 <see cref="T:System.Reflection.BindingFlags"/> 검색 수행 방법을 지정.</param>
            <param name="indices">구성된 비트마스크</param>
            <returns>An arrya of elements.</returns>
        </member>
        <member name="M:Microsoft.VisualStudio.TestTools.UnitTesting.PrivateObject.SetArrayElement(System.String,System.Reflection.BindingFlags,System.Object,System.Int32[])">
            <summary>
            Sets the array element using array of subsrcipts for each dimension
            </summary>
            <param name="name">Name of the member</param>
            <param name="bindingFlags">하나 이상의 배열 인덱스로 <see cref="T:System.Reflection.BindingFlags"/> 검색 수행 방법을 지정.</param>
            <param name="value">설정할 값</param>
            <param name="indices">구성된 비트마스크</param>
        </member>
        <member name="M:Microsoft.VisualStudio.TestTools.UnitTesting.PrivateObject.GetField(System.String)">
            <summary>
            필드를 가져옵니다.
            </summary>
            <param name="name">Name of the field</param>
            <returns>The field.</returns>
        </member>
        <member name="M:Microsoft.VisualStudio.TestTools.UnitTesting.PrivateObject.SetField(System.String,System.Object)">
            <summary>
            필드를 설정합니다.
            </summary>
            <param name="name">Name of the field</param>
            <param name="value">설정할 값</param>
        </member>
        <member name="M:Microsoft.VisualStudio.TestTools.UnitTesting.PrivateObject.GetField(System.String,System.Reflection.BindingFlags)">
            <summary>
            필드를 가져옵니다.
            </summary>
            <param name="name">Name of the field</param>
            <param name="bindingFlags">하나 이상의 배열 인덱스로 <see cref="T:System.Reflection.BindingFlags"/> 검색 수행 방법을 지정.</param>
            <returns>The field.</returns>
        </member>
        <member name="M:Microsoft.VisualStudio.TestTools.UnitTesting.PrivateObject.SetField(System.String,System.Reflection.BindingFlags,System.Object)">
            <summary>
            필드를 설정합니다.
            </summary>
            <param name="name">Name of the field</param>
            <param name="bindingFlags">하나 이상의 배열 인덱스로 <see cref="T:System.Reflection.BindingFlags"/> 검색 수행 방법을 지정.</param>
            <param name="value">설정할 값</param>
        </member>
        <member name="M:Microsoft.VisualStudio.TestTools.UnitTesting.PrivateObject.GetFieldOrProperty(System.String)">
            <summary>
            필드 또는 속성을 가져옵니다.
            </summary>
            <param name="name">필드 또는 속성의 이름</param>
            <returns>The field or property.</returns>
        </member>
        <member name="M:Microsoft.VisualStudio.TestTools.UnitTesting.PrivateObject.SetFieldOrProperty(System.String,System.Object)">
            <summary>
            필드 또는 속성을 설정합니다.
            </summary>
            <param name="name">필드 또는 속성의 이름</param>
            <param name="value">설정할 값</param>
        </member>
        <member name="M:Microsoft.VisualStudio.TestTools.UnitTesting.PrivateObject.GetFieldOrProperty(System.String,System.Reflection.BindingFlags)">
            <summary>
            필드 또는 속성을 가져옵니다.
            </summary>
            <param name="name">필드 또는 속성의 이름</param>
            <param name="bindingFlags">하나 이상의 배열 인덱스로 <see cref="T:System.Reflection.BindingFlags"/> 검색 수행 방법을 지정.</param>
            <returns>The field or property.</returns>
        </member>
        <member name="M:Microsoft.VisualStudio.TestTools.UnitTesting.PrivateObject.SetFieldOrProperty(System.String,System.Reflection.BindingFlags,System.Object)">
            <summary>
            필드 또는 속성을 설정합니다.
            </summary>
            <param name="name">필드 또는 속성의 이름</param>
            <param name="bindingFlags">하나 이상의 배열 인덱스로 <see cref="T:System.Reflection.BindingFlags"/> 검색 수행 방법을 지정.</param>
            <param name="value">설정할 값</param>
        </member>
        <member name="M:Microsoft.VisualStudio.TestTools.UnitTesting.PrivateObject.GetProperty(System.String,System.Object[])">
            <summary>
            속성을 가져옵니다.
            </summary>
            <param name="name">속성의 이름</param>
            <param name="args">호출할 멤버에 전달하기 위한 인수.</param>
            <returns>The property.</returns>
        </member>
        <member name="M:Microsoft.VisualStudio.TestTools.UnitTesting.PrivateObject.GetProperty(System.String,System.Type[],System.Object[])">
            <summary>
            속성을 가져옵니다.
            </summary>
            <param name="name">속성의 이름</param>
            <param name="parameterTypes">다음의 배열: <see cref="T:System.Type"/> 인덱싱된 속성에 대한 매개 변수의 수, 순서 및 형식을 나타내는 개체.</param>
            <param name="args">호출할 멤버에 전달하기 위한 인수.</param>
            <returns>The property.</returns>
        </member>
        <member name="M:Microsoft.VisualStudio.TestTools.UnitTesting.PrivateObject.SetProperty(System.String,System.Object,System.Object[])">
            <summary>
            속성을 설정합니다.
            </summary>
            <param name="name">속성의 이름</param>
            <param name="value">설정할 값</param>
            <param name="args">호출할 멤버에 전달하기 위한 인수.</param>
        </member>
        <member name="M:Microsoft.VisualStudio.TestTools.UnitTesting.PrivateObject.SetProperty(System.String,System.Type[],System.Object,System.Object[])">
            <summary>
            속성을 설정합니다.
            </summary>
            <param name="name">속성의 이름</param>
            <param name="parameterTypes">다음의 배열: <see cref="T:System.Type"/> 인덱싱된 속성에 대한 매개 변수의 수, 순서 및 형식을 나타내는 개체.</param>
            <param name="value">설정할 값</param>
            <param name="args">호출할 멤버에 전달하기 위한 인수.</param>
        </member>
        <member name="M:Microsoft.VisualStudio.TestTools.UnitTesting.PrivateObject.GetProperty(System.String,System.Reflection.BindingFlags,System.Object[])">
            <summary>
            속성을 가져옵니다.
            </summary>
            <param name="name">Name of the property</param>
            <param name="bindingFlags">하나 이상의 배열 인덱스로 <see cref="T:System.Reflection.BindingFlags"/> 검색 수행 방법을 지정.</param>
            <param name="args">호출할 멤버에 전달하기 위한 인수.</param>
            <returns>The property.</returns>
        </member>
        <member name="M:Microsoft.VisualStudio.TestTools.UnitTesting.PrivateObject.GetProperty(System.String,System.Reflection.BindingFlags,System.Type[],System.Object[])">
            <summary>
            속성을 가져옵니다.
            </summary>
            <param name="name">Name of the property</param>
            <param name="bindingFlags">하나 이상의 배열 인덱스로 <see cref="T:System.Reflection.BindingFlags"/> 검색 수행 방법을 지정.</param>
            <param name="parameterTypes">다음의 배열: <see cref="T:System.Type"/> 인덱싱된 속성에 대한 매개 변수의 수, 순서 및 형식을 나타내는 개체.</param>
            <param name="args">호출할 멤버에 전달하기 위한 인수.</param>
            <returns>The property.</returns>
        </member>
        <member name="M:Microsoft.VisualStudio.TestTools.UnitTesting.PrivateObject.SetProperty(System.String,System.Reflection.BindingFlags,System.Object,System.Object[])">
            <summary>
            속성을 설정합니다.
            </summary>
            <param name="name">속성의 이름</param>
            <param name="bindingFlags">하나 이상의 배열 인덱스로 <see cref="T:System.Reflection.BindingFlags"/> 검색 수행 방법을 지정.</param>
            <param name="value">설정할 값</param>
            <param name="args">호출할 멤버에 전달하기 위한 인수.</param>
        </member>
        <member name="M:Microsoft.VisualStudio.TestTools.UnitTesting.PrivateObject.SetProperty(System.String,System.Reflection.BindingFlags,System.Object,System.Type[],System.Object[])">
            <summary>
            속성을 설정합니다.
            </summary>
            <param name="name">속성의 이름</param>
            <param name="bindingFlags">하나 이상의 배열 인덱스로 <see cref="T:System.Reflection.BindingFlags"/> 검색 수행 방법을 지정.</param>
            <param name="value">설정할 값</param>
            <param name="parameterTypes">다음의 배열: <see cref="T:System.Type"/> 인덱싱된 속성에 대한 매개 변수의 수, 순서 및 형식을 나타내는 개체.</param>
            <param name="args">호출할 멤버에 전달하기 위한 인수.</param>
        </member>
        <member name="M:Microsoft.VisualStudio.TestTools.UnitTesting.PrivateObject.ValidateAccessString(System.String)">
            <summary>
            액세스 문자열을 검증합니다.
            </summary>
            <param name="access"> 액세스 문자열</param>
        </member>
        <member name="M:Microsoft.VisualStudio.TestTools.UnitTesting.PrivateObject.InvokeHelper(System.String,System.Reflection.BindingFlags,System.Object[],System.Globalization.CultureInfo)">
            <summary>
            멤버를 호출합니다.
            </summary>
            <param name="name">Name of the member</param>
            <param name="bindingFlags">추가 특성</param>
            <param name="args">호출에 대한 인수</param>
            <param name="culture">문화권</param>
            <returns>호출의 결과</returns>
        </member>
        <member name="M:Microsoft.VisualStudio.TestTools.UnitTesting.PrivateObject.GetGenericMethodFromCache(System.String,System.Type[],System.Type[],System.Reflection.BindingFlags,System.Reflection.ParameterModifier[])">
            <summary>
            현재 전용 형식에서 가장 적절한 제네릭 메서드 서명을 추출합니다.
            </summary>
            <param name="methodName">서명 캐시를 검색할 메서드의 이름.</param>
            <param name="parameterTypes">검색할 매개 변수의 형식에 해당하는 형식의 배열.</param>
            <param name="typeArguments">제네릭 인수의 형식에 해당하는 형식의 배열.</param>
            <param name="bindingFlags"><see cref="T:System.Reflection.BindingFlags"/> 메서드 서명을 추가로 필터링.</param>
            <param name="modifiers">Modifiers for parameters.</param>
            <returns>A methodinfo instance.</returns>
        </member>
        <member name="T:Microsoft.VisualStudio.TestTools.UnitTesting.PrivateType">
            <summary>
            This class represents a private class for the Private Accessor functionality.
            </summary>
        </member>
        <member name="F:Microsoft.VisualStudio.TestTools.UnitTesting.PrivateType.BindToEveryThing">
            <summary>
            모든 것에 바인딩됩니다.
            </summary>
        </member>
        <member name="F:Microsoft.VisualStudio.TestTools.UnitTesting.PrivateType.type">
            <summary>
            The wrapped type.
            </summary>
        </member>
        <member name="M:Microsoft.VisualStudio.TestTools.UnitTesting.PrivateType.#ctor(System.String,System.String)">
            <summary>
            Initializes a new instance of the <see cref="T:Microsoft.VisualStudio.TestTools.UnitTesting.PrivateType"/> class that contains the private type.
            </summary>
            <param name="assemblyName">어셈블리 이름</param>
            <param name="typeName">다음의 정규화된 이름: </param>
        </member>
        <member name="M:Microsoft.VisualStudio.TestTools.UnitTesting.PrivateType.#ctor(System.Type)">
            <summary>
            Initializes a new instance of the <see cref="T:Microsoft.VisualStudio.TestTools.UnitTesting.PrivateType"/> class that contains
            the private type from the type object
            </summary>
            <param name="type">만들어야 할 래핑된 형식.</param>
        </member>
        <member name="P:Microsoft.VisualStudio.TestTools.UnitTesting.PrivateType.ReferencedType">
            <summary>
            참조된 형식을 가져옵니다.
            </summary>
        </member>
        <member name="M:Microsoft.VisualStudio.TestTools.UnitTesting.PrivateType.InvokeStatic(System.String,System.Object[])">
            <summary>
            정적 멤버를 호출합니다.
            </summary>
            <param name="name">InvokeHelper에 대한 멤버의 이름</param>
            <param name="args">호출에 대한 인수</param>
            <returns>호출의 결과</returns>
        </member>
        <member name="M:Microsoft.VisualStudio.TestTools.UnitTesting.PrivateType.InvokeStatic(System.String,System.Type[],System.Object[])">
            <summary>
            정적 멤버를 호출합니다.
            </summary>
            <param name="name">InvokeHelper에 대한 멤버의 이름</param>
            <param name="parameterTypes">다음의 배열: <see cref="T:System.Type"/> 호출할 메서드에 대한 매개 변수의 수, 순서 및 형식을 나타내는 개체</param>
            <param name="args">호출에 대한 인수</param>
            <returns>호출의 결과</returns>
        </member>
        <member name="M:Microsoft.VisualStudio.TestTools.UnitTesting.PrivateType.InvokeStatic(System.String,System.Type[],System.Object[],System.Type[])">
            <summary>
            정적 멤버를 호출합니다.
            </summary>
            <param name="name">InvokeHelper에 대한 멤버의 이름</param>
            <param name="parameterTypes">다음의 배열: <see cref="T:System.Type"/> 호출할 메서드에 대한 매개 변수의 수, 순서 및 형식을 나타내는 개체</param>
            <param name="args">호출에 대한 인수</param>
            <param name="typeArguments">제네릭 인수의 형식에 해당하는 형식의 배열.</param>
            <returns>호출의 결과</returns>
        </member>
        <member name="M:Microsoft.VisualStudio.TestTools.UnitTesting.PrivateType.InvokeStatic(System.String,System.Object[],System.Globalization.CultureInfo)">
            <summary>
            정적 메서드를 호출합니다.
            </summary>
            <param name="name">Name of the member</param>
            <param name="args">호출에 대한 인수</param>
            <param name="culture">문화권</param>
            <returns>호출의 결과</returns>
        </member>
        <member name="M:Microsoft.VisualStudio.TestTools.UnitTesting.PrivateType.InvokeStatic(System.String,System.Type[],System.Object[],System.Globalization.CultureInfo)">
            <summary>
            정적 메서드를 호출합니다.
            </summary>
            <param name="name">Name of the member</param>
            <param name="parameterTypes">다음의 배열: <see cref="T:System.Type"/> 호출할 메서드에 대한 매개 변수의 수, 순서 및 형식을 나타내는 개체</param>
            <param name="args">호출에 대한 인수</param>
            <param name="culture">문화권 정보</param>
            <returns>호출의 결과</returns>
        </member>
        <member name="M:Microsoft.VisualStudio.TestTools.UnitTesting.PrivateType.InvokeStatic(System.String,System.Reflection.BindingFlags,System.Object[])">
            <summary>
            정적 메서드를 호출합니다.
            </summary>
            <param name="name">Name of the member</param>
            <param name="bindingFlags">추가 호출 특성</param>
            <param name="args">호출에 대한 인수</param>
            <returns>호출의 결과</returns>
        </member>
        <member name="M:Microsoft.VisualStudio.TestTools.UnitTesting.PrivateType.InvokeStatic(System.String,System.Reflection.BindingFlags,System.Type[],System.Object[])">
            <summary>
            정적 메서드를 호출합니다.
            </summary>
            <param name="name">Name of the member</param>
            <param name="bindingFlags">추가 호출 특성</param>
            <param name="parameterTypes">다음의 배열: <see cref="T:System.Type"/> 호출할 메서드에 대한 매개 변수의 수, 순서 및 형식을 나타내는 개체</param>
            <param name="args">호출에 대한 인수</param>
            <returns>호출의 결과</returns>
        </member>
        <member name="M:Microsoft.VisualStudio.TestTools.UnitTesting.PrivateType.InvokeStatic(System.String,System.Reflection.BindingFlags,System.Object[],System.Globalization.CultureInfo)">
            <summary>
            정적 메서드를 호출합니다.
            </summary>
            <param name="name">멤버의 이름</param>
            <param name="bindingFlags">추가 호출 특성</param>
            <param name="args">호출에 대한 인수</param>
            <param name="culture">문화권</param>
            <returns>호출의 결과</returns>
        </member>
        <member name="M:Microsoft.VisualStudio.TestTools.UnitTesting.PrivateType.InvokeStatic(System.String,System.Reflection.BindingFlags,System.Type[],System.Object[],System.Globalization.CultureInfo)">
            <summary>
            정적 메서드를 호출합니다.
            </summary>
            <param name="name">멤버의 이름</param>
            <param name="bindingFlags">추가 호출 특성</param>
            /// <param name="parameterTypes">다음의 배열: <see cref="T:System.Type"/> 호출할 메서드에 대한 매개 변수의 수, 순서 및 형식을 나타내는 개체</param>
            <param name="args">호출에 대한 인수</param>
            <param name="culture">문화권</param>
            <returns>호출의 결과</returns>
        </member>
        <member name="M:Microsoft.VisualStudio.TestTools.UnitTesting.PrivateType.InvokeStatic(System.String,System.Reflection.BindingFlags,System.Type[],System.Object[],System.Globalization.CultureInfo,System.Type[])">
            <summary>
            정적 메서드를 호출합니다.
            </summary>
            <param name="name">멤버의 이름</param>
            <param name="bindingFlags">추가 호출 특성</param>
            /// <param name="parameterTypes">다음의 배열: <see cref="T:System.Type"/> 호출할 메서드에 대한 매개 변수의 수, 순서 및 형식을 나타내는 개체</param>
            <param name="args">호출에 대한 인수</param>
            <param name="culture">문화권</param>
            <param name="typeArguments">제네릭 인수의 형식에 해당하는 형식의 배열.</param>
            <returns>호출의 결과</returns>
        </member>
        <member name="M:Microsoft.VisualStudio.TestTools.UnitTesting.PrivateType.GetStaticArrayElement(System.String,System.Int32[])">
            <summary>
            정적 배열의 요소를 가져옵니다.
            </summary>
            <param name="name">Name of the array</param>
            <param name="indices">
            가져올 요소의 위치를 지정하는 인덱스를 나타내는 32비트 정수의 1차원 배열입니다.
            예를 들어 a[10][11]에 액세스하려면 인덱스는 {10,11}이 됩니다.
            </param>
            <returns>지정된 위치의 요소</returns>
        </member>
        <member name="M:Microsoft.VisualStudio.TestTools.UnitTesting.PrivateType.SetStaticArrayElement(System.String,System.Object,System.Int32[])">
            <summary>
            정적 배열의 멤버를 설정합니다.
            </summary>
            <param name="name">Name of the array</param>
            <param name="value">설정할 값</param>
            <param name="indices">
            설정할 요소의 위치를 지정하는 인덱스를 나타내는 32비트 정수의 1차원 배열입니다.
            예를 들어 a[10][11]에 액세스하려면 배열은 {10,11}이 됩니다.
            </param>
        </member>
        <member name="M:Microsoft.VisualStudio.TestTools.UnitTesting.PrivateType.GetStaticArrayElement(System.String,System.Reflection.BindingFlags,System.Int32[])">
            <summary>
            Gets the element in satatic array
            </summary>
            <param name="name">Name of the array</param>
            <param name="bindingFlags">추가 InvokeHelper 특성</param>
            <param name="indices">
            가져올 요소의 위치를 지정하는 인덱스를 나타내는 32비트 정수의 1차원 배열입니다.
            예를 들어 a[10][11]에 액세스하려면 배열은 {10,11}이 됩니다.
            </param>
            <returns>지정된 위치의 요소</returns>
        </member>
        <member name="M:Microsoft.VisualStudio.TestTools.UnitTesting.PrivateType.SetStaticArrayElement(System.String,System.Reflection.BindingFlags,System.Object,System.Int32[])">
            <summary>
            정적 배열의 멤버를 설정합니다.
            </summary>
            <param name="name">Name of the array</param>
            <param name="bindingFlags">추가 InvokeHelper 특성</param>
            <param name="value">설정할 값</param>
            <param name="indices">
            설정할 요소의 위치를 지정하는 인덱스를 나타내는 32비트 정수의 1차원 배열입니다.
            예를 들어 a[10][11]에 액세스하려면 배열은 {10,11}이 됩니다.
            </param>
        </member>
        <member name="M:Microsoft.VisualStudio.TestTools.UnitTesting.PrivateType.GetStaticField(System.String)">
            <summary>
            정적 필드를 가져옵니다.
            </summary>
            <param name="name">필드의 이름</param>
            <returns>The static field.</returns>
        </member>
        <member name="M:Microsoft.VisualStudio.TestTools.UnitTesting.PrivateType.SetStaticField(System.String,System.Object)">
            <summary>
            정적 필드를 설정합니다.
            </summary>
            <param name="name">필드의 이름</param>
            <param name="value">호출에 대한 인수</param>
        </member>
        <member name="M:Microsoft.VisualStudio.TestTools.UnitTesting.PrivateType.GetStaticField(System.String,System.Reflection.BindingFlags)">
            <summary>
            지정된 InvokeHelper 특성을 사용하여 정적 필드를 가져옵니다.
            </summary>
            <param name="name">필드의 이름</param>
            <param name="bindingFlags">추가 호출 특성</param>
            <returns>The static field.</returns>
        </member>
        <member name="M:Microsoft.VisualStudio.TestTools.UnitTesting.PrivateType.SetStaticField(System.String,System.Reflection.BindingFlags,System.Object)">
            <summary>
            바인딩 특성을 사용하여 정적 필드를 설정합니다.
            </summary>
            <param name="name">필드의 이름</param>
            <param name="bindingFlags">추가 InvokeHelper 특성</param>
            <param name="value">호출에 대한 인수</param>
        </member>
        <member name="M:Microsoft.VisualStudio.TestTools.UnitTesting.PrivateType.GetStaticFieldOrProperty(System.String)">
            <summary>
            정적 필드 또는 속성을 가져옵니다.
            </summary>
            <param name="name">필드 또는 속성의 이름</param>
            <returns>The static field or property.</returns>
        </member>
        <member name="M:Microsoft.VisualStudio.TestTools.UnitTesting.PrivateType.SetStaticFieldOrProperty(System.String,System.Object)">
            <summary>
            정적 필드 또는 속성을 설정합니다.
            </summary>
            <param name="name">필드 또는 속성의 이름</param>
            <param name="value">필드나 속성에 대해 설정할 값</param>
        </member>
        <member name="M:Microsoft.VisualStudio.TestTools.UnitTesting.PrivateType.GetStaticFieldOrProperty(System.String,System.Reflection.BindingFlags)">
            <summary>
            지정된 InvokeHelper 속성을 사용하여 정적 필드 또는 속성을 가져옵니다.
            </summary>
            <param name="name">필드 또는 속성의 이름</param>
            <param name="bindingFlags">추가 호출 특성</param>
            <returns>The static field or property.</returns>
        </member>
        <member name="M:Microsoft.VisualStudio.TestTools.UnitTesting.PrivateType.SetStaticFieldOrProperty(System.String,System.Reflection.BindingFlags,System.Object)">
            <summary>
            바인딩 특성을 사용하여 정적 필드 또는 속성을 설정합니다.
            </summary>
            <param name="name">필드 또는 속성의 이름</param>
            <param name="bindingFlags">추가 호출 특성</param>
            <param name="value">필드나 속성에 대해 설정할 값</param>
        </member>
        <member name="M:Microsoft.VisualStudio.TestTools.UnitTesting.PrivateType.GetStaticProperty(System.String,System.Object[])">
            <summary>
            정적 속성을 가져옵니다.
            </summary>
            <param name="name">필드 또는 속성의 이름</param>
            <param name="args">호출에 대한 인수</param>
            <returns>The static property.</returns>
        </member>
        <member name="M:Microsoft.VisualStudio.TestTools.UnitTesting.PrivateType.SetStaticProperty(System.String,System.Object,System.Object[])">
            <summary>
            정적 속성을 설정합니다.
            </summary>
            <param name="name">속성의 이름</param>
            <param name="value">필드나 속성에 대해 설정할 값</param>
            <param name="args">호출할 멤버에 전달하기 위한 인수.</param>
        </member>
        <member name="M:Microsoft.VisualStudio.TestTools.UnitTesting.PrivateType.SetStaticProperty(System.String,System.Object,System.Type[],System.Object[])">
            <summary>
            정적 속성을 설정합니다.
            </summary>
            <param name="name">속성의 이름</param>
            <param name="value">필드나 속성에 대해 설정할 값</param>
            <param name="parameterTypes">다음의 배열: <see cref="T:System.Type"/> 인덱싱된 속성에 대한 매개 변수의 수, 순서 및 형식을 나타내는 개체.</param>
            <param name="args">호출할 멤버에 전달하기 위한 인수.</param>
        </member>
        <member name="M:Microsoft.VisualStudio.TestTools.UnitTesting.PrivateType.GetStaticProperty(System.String,System.Reflection.BindingFlags,System.Object[])">
            <summary>
            정적 속성을 가져옵니다.
            </summary>
            <param name="name">속성의 이름</param>
            <param name="bindingFlags">추가 호출 특성.</param>
            <param name="args">호출할 멤버에 전달하기 위한 인수.</param>
            <returns>The static property.</returns>
        </member>
        <member name="M:Microsoft.VisualStudio.TestTools.UnitTesting.PrivateType.GetStaticProperty(System.String,System.Reflection.BindingFlags,System.Type[],System.Object[])">
            <summary>
            정적 속성을 가져옵니다.
            </summary>
            <param name="name">속성의 이름</param>
            <param name="bindingFlags">추가 호출 특성.</param>
            <param name="parameterTypes">다음의 배열: <see cref="T:System.Type"/> 인덱싱된 속성에 대한 매개 변수의 수, 순서 및 형식을 나타내는 개체.</param>
            <param name="args">호출할 멤버에 전달하기 위한 인수.</param>
            <returns>The static property.</returns>
        </member>
        <member name="M:Microsoft.VisualStudio.TestTools.UnitTesting.PrivateType.SetStaticProperty(System.String,System.Reflection.BindingFlags,System.Object,System.Object[])">
            <summary>
            정적 속성을 설정합니다.
            </summary>
            <param name="name">속성의 이름</param>
            <param name="bindingFlags">추가 호출 특성.</param>
            <param name="value">필드나 속성에 대해 설정할 값</param>
            <param name="args">인덱싱된 속성을 위한 선택적인 인덱스 값. 인덱싱된 속성의 인덱스는 0부터 시작합니다. 인덱싱되지 않은 속성에 대해서는 이 값이 null이어야 합니다. </param>
        </member>
        <member name="M:Microsoft.VisualStudio.TestTools.UnitTesting.PrivateType.SetStaticProperty(System.String,System.Reflection.BindingFlags,System.Object,System.Type[],System.Object[])">
            <summary>
            정적 속성을 설정합니다.
            </summary>
            <param name="name">속성의 이름</param>
            <param name="bindingFlags">추가 호출 특성.</param>
            <param name="value">필드나 속성에 대해 설정할 값</param>
            <param name="parameterTypes">다음의 배열: <see cref="T:System.Type"/> 인덱싱된 속성에 대한 매개 변수의 수, 순서 및 형식을 나타내는 개체.</param>
            <param name="args">호출할 멤버에 전달하기 위한 인수.</param>
        </member>
        <member name="M:Microsoft.VisualStudio.TestTools.UnitTesting.PrivateType.InvokeHelperStatic(System.String,System.Reflection.BindingFlags,System.Object[],System.Globalization.CultureInfo)">
            <summary>
            정적 메서드를 호출합니다.
            </summary>
            <param name="name">멤버의 이름</param>
            <param name="bindingFlags">추가 호출 특성</param>
            <param name="args">호출에 대한 인수</param>
            <param name="culture">문화권</param>
            <returns>호출의 결과</returns>
        </member>
        <member name="T:Microsoft.VisualStudio.TestTools.UnitTesting.RuntimeTypeHelper">
            <summary>
            제네릭 메서드에 대한 메서드 서명 검색을 제공합니다.
            </summary>
        </member>
        <member name="M:Microsoft.VisualStudio.TestTools.UnitTesting.RuntimeTypeHelper.CompareMethodSigAndName(System.Reflection.MethodBase,System.Reflection.MethodBase)">
            <summary>
            Compares the method signatures of these two methods.
            </summary>
            <param name="m1">Method1</param>
            <param name="m2">Method2</param>
            <returns>True if they are similiar.</returns>
        </member>
        <member name="M:Microsoft.VisualStudio.TestTools.UnitTesting.RuntimeTypeHelper.GetHierarchyDepth(System.Type)">
            <summary>
            Gets the hierarchy depty from the base type of the provided type.
            </summary>
            <param name="t">The type.</param>
            <returns>The depth.</returns>
        </member>
        <member name="M:Microsoft.VisualStudio.TestTools.UnitTesting.RuntimeTypeHelper.FindMostDerivedNewSlotMeth(System.Reflection.MethodBase[],System.Int32)">
            <summary>
            Finds most dervied type with the provided information.
            </summary>
            <param name="match">Candidate matches.</param>
            <param name="cMatches">Number of matches.</param>
            <returns>The most derived method.</returns>
        </member>
        <member name="M:Microsoft.VisualStudio.TestTools.UnitTesting.RuntimeTypeHelper.SelectMethod(System.Reflection.BindingFlags,System.Reflection.MethodBase[],System.Type[],System.Reflection.ParameterModifier[])">
            <summary>
            기본 기준과 일치하는 메서드의 집합을 고려하여 형식 배열을 기반으로
            메서드를 선택하세요. 기준과 일치하는 메서드가 없으면 이 메서드는
            null을 반환합니다.
            </summary>
            <param name="bindingAttr">Binding specification.</param>
            <param name="match">Candidate matches</param>
            <param name="types">Types</param>
            <param name="modifiers">Parameter modifiers.</param>
            <returns>Matching method. Null if none matches.</returns>
        </member>
        <member name="M:Microsoft.VisualStudio.TestTools.UnitTesting.RuntimeTypeHelper.FindMostSpecificMethod(System.Reflection.MethodBase,System.Int32[],System.Type,System.Reflection.MethodBase,System.Int32[],System.Type,System.Type[],System.Object[])">
            <summary>
            Finds the most specific method in the two methods provided.
            </summary>
            <param name="m1">Method 1</param>
            <param name="paramOrder1">Parameter order for Method 1</param>
            <param name="paramArrayType1">Paramter array type.</param>
            <param name="m2">Method 2</param>
            <param name="paramOrder2">Parameter order for Method 2</param>
            <param name="paramArrayType2">&gt;Paramter array type.</param>
            <param name="types">Types to search in.</param>
            <param name="args">Args.</param>
            <returns>An int representing the match.</returns>
        </member>
        <member name="M:Microsoft.VisualStudio.TestTools.UnitTesting.RuntimeTypeHelper.FindMostSpecific(System.Reflection.ParameterInfo[],System.Int32[],System.Type,System.Reflection.ParameterInfo[],System.Int32[],System.Type,System.Type[],System.Object[])">
            <summary>
            Finds the most specific method in the two methods provided.
            </summary>
            <param name="p1">Method 1</param>
            <param name="paramOrder1">Parameter order for Method 1</param>
            <param name="paramArrayType1">Paramter array type.</param>
            <param name="p2">Method 2</param>
            <param name="paramOrder2">Parameter order for Method 2</param>
            <param name="paramArrayType2">&gt;Paramter array type.</param>
            <param name="types">Types to search in.</param>
            <param name="args">Args.</param>
            <returns>An int representing the match.</returns>
        </member>
        <member name="M:Microsoft.VisualStudio.TestTools.UnitTesting.RuntimeTypeHelper.FindMostSpecificType(System.Type,System.Type,System.Type)">
            <summary>
            Finds the most specific type in the two provided.
            </summary>
            <param name="c1">Type 1</param>
            <param name="c2">Type 2</param>
            <param name="t">The defining type</param>
            <returns>An int representing the match.</returns>
        </member>
        <member name="T:Microsoft.VisualStudio.TestTools.UnitTesting.TestContext">
            <summary>
            단위 테스트에 제공되는 정보를 저장하는 데 사용됩니다.
            </summary>
        </member>
        <member name="P:Microsoft.VisualStudio.TestTools.UnitTesting.TestContext.Properties">
            <summary>
            Gets per test properties
            </summary>
        </member>
        <member name="P:Microsoft.VisualStudio.TestTools.UnitTesting.TestContext.DataRow">
            <summary>
            Gets the current data row when test is used for data driven testing.
            </summary>
        </member>
        <member name="P:Microsoft.VisualStudio.TestTools.UnitTesting.TestContext.DataConnection">
            <summary>
            Gets current data connection row when test is used for data driven testing.
            </summary>
        </member>
        <member name="P:Microsoft.VisualStudio.TestTools.UnitTesting.TestContext.TestRunDirectory">
            <summary>
            Gets base directory for the test run, under which deployed files and result files are stored.
            </summary>
        </member>
        <member name="P:Microsoft.VisualStudio.TestTools.UnitTesting.TestContext.DeploymentDirectory">
            <summary>
            Gets directory for files deployed for the test run. Typically a subdirectory of <see cref="P:Microsoft.VisualStudio.TestTools.UnitTesting.TestContext.TestRunDirectory"/>.
            </summary>
        </member>
        <member name="P:Microsoft.VisualStudio.TestTools.UnitTesting.TestContext.ResultsDirectory">
            <summary>
            Gets base directory for results from the test run. Typically a subdirectory of <see cref="P:Microsoft.VisualStudio.TestTools.UnitTesting.TestContext.TestRunDirectory"/>.
            </summary>
        </member>
        <member name="P:Microsoft.VisualStudio.TestTools.UnitTesting.TestContext.TestRunResultsDirectory">
            <summary>
            Gets directory for test run result files. Typically a subdirectory of <see cref="P:Microsoft.VisualStudio.TestTools.UnitTesting.TestContext.ResultsDirectory"/>.
            </summary>
        </member>
        <member name="P:Microsoft.VisualStudio.TestTools.UnitTesting.TestContext.TestResultsDirectory">
            <summary>
            Gets directory for test result files.
            </summary>
        </member>
        <member name="P:Microsoft.VisualStudio.TestTools.UnitTesting.TestContext.TestDir">
            <summary>
            Gets base directory for the test run, under which deployed files and result files are stored.
            Same as <see cref="P:Microsoft.VisualStudio.TestTools.UnitTesting.TestContext.TestRunDirectory"/>. 해당 속성을 대신 사용하세요.
            </summary>
        </member>
        <member name="P:Microsoft.VisualStudio.TestTools.UnitTesting.TestContext.TestDeploymentDir">
            <summary>
            Gets directory for files deployed for the test run. Typically a subdirectory of <see cref="P:Microsoft.VisualStudio.TestTools.UnitTesting.TestContext.TestRunDirectory"/>.
            Same as <see cref="P:Microsoft.VisualStudio.TestTools.UnitTesting.TestContext.DeploymentDirectory"/>. 해당 속성을 대신 사용하세요.
            </summary>
        </member>
        <member name="P:Microsoft.VisualStudio.TestTools.UnitTesting.TestContext.TestLogsDir">
            <summary>
            Gets directory for test run result files. Typically a subdirectory of <see cref="P:Microsoft.VisualStudio.TestTools.UnitTesting.TestContext.ResultsDirectory"/>.
            Same as <see cref="P:Microsoft.VisualStudio.TestTools.UnitTesting.TestContext.TestRunResultsDirectory"/>. 테스트 실행 결과 파일에 해당 속성을 사용합니다. 또는
            <see cref="P:Microsoft.VisualStudio.TestTools.UnitTesting.TestContext.TestResultsDirectory"/> 테스트 특정 결과 파일에 대해.
            </summary>
        </member>
        <member name="P:Microsoft.VisualStudio.TestTools.UnitTesting.TestContext.FullyQualifiedTestClassName">
            <summary>
            Gets the Fully-qualified name of the class containing the test method currently being executed
            </summary>
        </member>
        <member name="P:Microsoft.VisualStudio.TestTools.UnitTesting.TestContext.TestName">
            <summary>
            Gets the name of the test method currently being executed
            </summary>
        </member>
        <member name="P:Microsoft.VisualStudio.TestTools.UnitTesting.TestContext.CurrentTestOutcome">
            <summary>
            현재 테스트 결과를 가져옵니다.
            </summary>
        </member>
        <member name="M:Microsoft.VisualStudio.TestTools.UnitTesting.TestContext.WriteLine(System.String)">
            <summary>
            테스트 실행 중에 추적 메시지를 쓰는 데 사용됩니다.
            </summary>
            <param name="message">형식이 지정된 메시지 문자열</param>
        </member>
        <member name="M:Microsoft.VisualStudio.TestTools.UnitTesting.TestContext.WriteLine(System.String,System.Object[])">
            <summary>
            테스트 실행 중에 추적 메시지를 쓰는 데 사용됩니다.
            </summary>
            <param name="format">서식 문자열</param>
            <param name="args">인수</param>
        </member>
        <member name="M:Microsoft.VisualStudio.TestTools.UnitTesting.TestContext.AddResultFile(System.String)">
            <summary>
            TestResult.ResultFileNames의 목록에 파일 이름을 추가합니다.
            </summary>
            <param name="fileName">
            파일 이름.
            </param>
        </member>
        <member name="M:Microsoft.VisualStudio.TestTools.UnitTesting.TestContext.BeginTimer(System.String)">
            <summary>
            지정된 이름으로 타이머를 시작합니다.
            </summary>
            <param name="timerName"> Name of the timer.</param>
        </member>
        <member name="M:Microsoft.VisualStudio.TestTools.UnitTesting.TestContext.EndTimer(System.String)">
            <summary>
            지정된 이름의 타이머를 종료합니다.
            </summary>
            <param name="timerName"> Name of the timer.</param>
        </member>
    </members>
</doc>
