<?xml version="1.0"?>
<doc>
    <assembly>
        <name>Microsoft.VisualStudio.TestPlatform.TestFramework.Extensions</name>
    </assembly>
    <members>
        <member name="T:Microsoft.VisualStudio.TestTools.UnitTesting.DeploymentItemAttribute">
            <summary>
            Used to specify deployment item (file or directory) for per-test deployment.
            Can be specified on test class or test method.
            Can have multiple instances of the attribute to specify more than one item.
            The item path can be absolute or relative, if relative, it is relative to RunConfig.RelativePathRoot.
            </summary>
            <example>
            [DeploymentItem("file1.xml")]
            [DeploymentItem("file2.xml", "DataFiles")]
            [DeploymentItem("bin\Debug")]
            </example>
        </member>
        <member name="M:Microsoft.VisualStudio.TestTools.UnitTesting.DeploymentItemAttribute.#ctor(System.String)">
            <summary>
            Initializes a new instance of the <see cref="T:Microsoft.VisualStudio.TestTools.UnitTesting.DeploymentItemAttribute"/> class.
            </summary>
            <param name="path">The file or directory to deploy. The path is relative to the build output directory. The item will be copied to the same directory as the deployed test assemblies.</param>
        </member>
        <member name="M:Microsoft.VisualStudio.TestTools.UnitTesting.DeploymentItemAttribute.#ctor(System.String,System.String)">
            <summary>
            Initializes a new instance of the <see cref="T:Microsoft.VisualStudio.TestTools.UnitTesting.DeploymentItemAttribute"/> class
            </summary>
            <param name="path">The relative or absolute path to the file or directory to deploy. The path is relative to the build output directory. The item will be copied to the same directory as the deployed test assemblies.</param>
            <param name="outputDirectory">The path of the directory to which the items are to be copied. It can be either absolute or relative to the deployment directory. All files and directories identified by <paramref name="path"/> will be copied to this directory.</param>
        </member>
        <member name="P:Microsoft.VisualStudio.TestTools.UnitTesting.DeploymentItemAttribute.Path">
            <summary>
            Gets the path of the source file or folder to be copied.
            </summary>
        </member>
        <member name="P:Microsoft.VisualStudio.TestTools.UnitTesting.DeploymentItemAttribute.OutputDirectory">
            <summary>
            Gets the path of the directory to which the item is copied.
            </summary>
        </member>
        <member name="T:Microsoft.VisualStudio.TestTools.UnitTesting.ConfigurationNames">
            <summary>
            Contiene i valori letterali relativi ai nomi di sezioni, proprietà, attributi.
            </summary>
        </member>
        <member name="F:Microsoft.VisualStudio.TestTools.UnitTesting.ConfigurationNames.SectionName">
            <summary>
            The configuration section name.
            </summary>
        </member>
        <member name="F:Microsoft.VisualStudio.TestTools.UnitTesting.ConfigurationNames.Beta2SectionName">
            <summary>
            The configuration section name for Beta2. Left around for compat.
            </summary>
        </member>
        <member name="F:Microsoft.VisualStudio.TestTools.UnitTesting.ConfigurationNames.DataSourcesSectionName">
            <summary>
            Section name for Data source.
            </summary>
        </member>
        <member name="F:Microsoft.VisualStudio.TestTools.UnitTesting.ConfigurationNames.NameAttributeName">
            <summary>
            Attribute name for 'Name'
            </summary>
        </member>
        <member name="F:Microsoft.VisualStudio.TestTools.UnitTesting.ConfigurationNames.ConnectionStringAttributeName">
            <summary>
            Attribute name for 'ConnectionString'
            </summary>
        </member>
        <member name="F:Microsoft.VisualStudio.TestTools.UnitTesting.ConfigurationNames.DataAccessMethodAttributeName">
            <summary>
            Attrbiute name for 'DataAccessMethod'
            </summary>
        </member>
        <member name="F:Microsoft.VisualStudio.TestTools.UnitTesting.ConfigurationNames.DataTableAttributeName">
            <summary>
            Attribute name for 'DataTable'
            </summary>
        </member>
        <member name="T:Microsoft.VisualStudio.TestTools.UnitTesting.DataSourceElement">
            <summary>
            Elemento dell'origine dati.
            </summary>
        </member>
        <member name="P:Microsoft.VisualStudio.TestTools.UnitTesting.DataSourceElement.Name">
            <summary>
            Gets or sets the name of this configuration.
            </summary>
        </member>
        <member name="P:Microsoft.VisualStudio.TestTools.UnitTesting.DataSourceElement.ConnectionString">
            <summary>
            Gets or sets the ConnectionStringSettings element in &lt;connectionStrings&gt; section in the .config file.
            </summary>
        </member>
        <member name="P:Microsoft.VisualStudio.TestTools.UnitTesting.DataSourceElement.DataTableName">
            <summary>
            Gets or sets the name of the data table.
            </summary>
        </member>
        <member name="P:Microsoft.VisualStudio.TestTools.UnitTesting.DataSourceElement.DataAccessMethod">
            <summary>
            Gets or sets the type of data access.
            </summary>
        </member>
        <member name="P:Microsoft.VisualStudio.TestTools.UnitTesting.DataSourceElement.Key">
            <summary>
            Gets the key name.
            </summary>
        </member>
        <member name="P:Microsoft.VisualStudio.TestTools.UnitTesting.DataSourceElement.Properties">
            <summary>
            Ottiene le proprietà di configurazione.
            </summary>
        </member>
        <member name="T:Microsoft.VisualStudio.TestTools.UnitTesting.DataSourceElementCollection">
            <summary>
            Raccolta di elementi dell'origine dati.
            </summary>
        </member>
        <member name="M:Microsoft.VisualStudio.TestTools.UnitTesting.DataSourceElementCollection.#ctor">
            <summary>
            Initializes a new instance of the <see cref="T:Microsoft.VisualStudio.TestTools.UnitTesting.DataSourceElementCollection"/> class.
            </summary>
        </member>
        <member name="P:Microsoft.VisualStudio.TestTools.UnitTesting.DataSourceElementCollection.Item(System.String)">
            <summary>
            Restituisce l'elemento di configurazione con la chiave specificata.
            </summary>
            <param name="name">Chiave dell'elemento da restituire.</param>
            <returns>Elemento System.Configuration.ConfigurationElement con la chiave specificata; in caso contrario, Null.</returns>
        </member>
        <member name="P:Microsoft.VisualStudio.TestTools.UnitTesting.DataSourceElementCollection.Item(System.Int32)">
            <summary>
            Ottiene l'elemento di configurazione nella posizione di indice specificata.
            </summary>
            <param name="index">Posizione di indice dell'elemento System.Configuration.ConfigurationElement da restituire.</param>
        </member>
        <member name="M:Microsoft.VisualStudio.TestTools.UnitTesting.DataSourceElementCollection.Add(Microsoft.VisualStudio.TestTools.UnitTesting.DataSourceElement)">
            <summary>
            Aggiunge un elemento di configurazione alla raccolta di elementi di configurazione.
            </summary>
            <param name="element">Elemento System.Configuration.ConfigurationElement da aggiungere.</param>
        </member>
        <member name="M:Microsoft.VisualStudio.TestTools.UnitTesting.DataSourceElementCollection.Remove(Microsoft.VisualStudio.TestTools.UnitTesting.DataSourceElement)">
            <summary>
            Rimuove un elemento System.Configuration.ConfigurationElement dalla raccolta.
            </summary>
            <param name="element">Elemento <see cref="T:Microsoft.VisualStudio.TestTools.UnitTesting.DataSourceElement"/> .</param>
        </member>
        <member name="M:Microsoft.VisualStudio.TestTools.UnitTesting.DataSourceElementCollection.Remove(System.String)">
            <summary>
            Rimuove un elemento System.Configuration.ConfigurationElement dalla raccolta.
            </summary>
            <param name="name">Chiave dell'elemento System.Configuration.ConfigurationElement da rimuovere.</param>
        </member>
        <member name="M:Microsoft.VisualStudio.TestTools.UnitTesting.DataSourceElementCollection.Clear">
            <summary>
            Rimuove tutti gli oggetti degli elementi di configurazione dalla raccolta.
            </summary>
        </member>
        <member name="M:Microsoft.VisualStudio.TestTools.UnitTesting.DataSourceElementCollection.CreateNewElement">
            <summary>
            Crea un nuovo elemento <see cref="T:Microsoft.VisualStudio.TestTools.UnitTesting.DataSourceElement"/>.
            </summary>
            <returns>Nuovo elemento <see cref="T:Microsoft.VisualStudio.TestTools.UnitTesting.DataSourceElement"/>.</returns>
        </member>
        <member name="M:Microsoft.VisualStudio.TestTools.UnitTesting.DataSourceElementCollection.GetElementKey(System.Configuration.ConfigurationElement)">
            <summary>
            Ottiene la chiave dell'elemento per un elemento di configurazione specificato.
            </summary>
            <param name="element">Elemento System.Configuration.ConfigurationElement per cui restituire la chiave.</param>
            <returns>Elemento System.Object che funge da chiave per l'elemento System.Configuration.ConfigurationElement specificato.</returns>
        </member>
        <member name="M:Microsoft.VisualStudio.TestTools.UnitTesting.DataSourceElementCollection.BaseAdd(System.Configuration.ConfigurationElement)">
            <summary>
            Aggiunge un elemento di configurazione alla raccolta di elementi di configurazione.
            </summary>
            <param name="element">Elemento System.Configuration.ConfigurationElement da aggiungere.</param>
        </member>
        <member name="M:Microsoft.VisualStudio.TestTools.UnitTesting.DataSourceElementCollection.BaseAdd(System.Int32,System.Configuration.ConfigurationElement)">
            <summary>
            Aggiunge un elemento di configurazione alla raccolta di elementi di configurazione.
            </summary>
            <param name="index">Posizione di indice in cui aggiungere l'elemento System.Configuration.ConfigurationElement specificato.</param>
            <param name="element">Elemento System.Configuration.ConfigurationElement da aggiungere.</param>
        </member>
        <member name="T:Microsoft.VisualStudio.TestTools.UnitTesting.TestConfiguration">
            <summary>
            Supporto per le impostazioni di configurazione per Test.
            </summary>
        </member>
        <member name="P:Microsoft.VisualStudio.TestTools.UnitTesting.TestConfiguration.ConfigurationSection">
            <summary>
            Ottiene la sezione della configurazione per i test.
            </summary>
        </member>
        <member name="T:Microsoft.VisualStudio.TestTools.UnitTesting.TestConfigurationSection">
            <summary>
            Sezione della configurazione per i test.
            </summary>
        </member>
        <member name="P:Microsoft.VisualStudio.TestTools.UnitTesting.TestConfigurationSection.DataSources">
            <summary>
            Gets the data sources for this configuration section.
            </summary>
        </member>
        <member name="P:Microsoft.VisualStudio.TestTools.UnitTesting.TestConfigurationSection.Properties">
            <summary>
            Ottiene la raccolta di proprietà.
            </summary>
            <returns>
             <see cref="T:System.Configuration.ConfigurationPropertyCollection"/> delle proprietà per l'elemento.
            </returns>
        </member>
        <member name="T:Microsoft.VisualStudio.TestTools.UnitTesting.PrivateObject">
            <summary>
            This class represents the live NON public INTERNAL object in the system
            </summary>
        </member>
        <member name="M:Microsoft.VisualStudio.TestTools.UnitTesting.PrivateObject.#ctor(System.Object,System.String)">
            <summary>
            Initializes a new instance of the <see cref="T:Microsoft.VisualStudio.TestTools.UnitTesting.PrivateObject"/> class that contains
            the already existing object of the private class
            </summary>
            <param name="obj"> oggetto che funge da punto di partenza per raggiungere i membri privati</param>
            <param name="memberToAccess">stringa di deferenziazione che usa . e punta all'oggetto da recuperare come in m_X.m_Y.m_Z</param>
        </member>
        <member name="M:Microsoft.VisualStudio.TestTools.UnitTesting.PrivateObject.#ctor(System.String,System.String,System.Object[])">
            <summary>
            Initializes a new instance of the <see cref="T:Microsoft.VisualStudio.TestTools.UnitTesting.PrivateObject"/> class that wraps the
            specified type.
            </summary>
            <param name="assemblyName">Name of the assembly</param>
            <param name="typeName">nome completo</param>
            <param name="args">Argomenti da passare al costruttore</param>
        </member>
        <member name="M:Microsoft.VisualStudio.TestTools.UnitTesting.PrivateObject.#ctor(System.String,System.String,System.Type[],System.Object[])">
            <summary>
            Initializes a new instance of the <see cref="T:Microsoft.VisualStudio.TestTools.UnitTesting.PrivateObject"/> class that wraps the
            specified type.
            </summary>
            <param name="assemblyName">Name of the assembly</param>
            <param name="typeName">nome completo</param>
            <param name="parameterTypes">Matrice di <see cref="T:System.Type"/> oggetti che rappresentano numero, ordine e tipo dei parametri relativi al costruttore da ottenere</param>
            <param name="args">Argomenti da passare al costruttore</param>
        </member>
        <member name="M:Microsoft.VisualStudio.TestTools.UnitTesting.PrivateObject.#ctor(System.Type,System.Object[])">
            <summary>
            Initializes a new instance of the <see cref="T:Microsoft.VisualStudio.TestTools.UnitTesting.PrivateObject"/> class that wraps the
            specified type.
            </summary>
            <param name="type">tipo dell'oggetto da creare</param>
            <param name="args">Argomenti da passare al costruttore</param>
        </member>
        <member name="M:Microsoft.VisualStudio.TestTools.UnitTesting.PrivateObject.#ctor(System.Type,System.Type[],System.Object[])">
            <summary>
            Initializes a new instance of the <see cref="T:Microsoft.VisualStudio.TestTools.UnitTesting.PrivateObject"/> class that wraps the
            specified type.
            </summary>
            <param name="type">tipo dell'oggetto da creare</param>
            <param name="parameterTypes">Matrice di <see cref="T:System.Type"/> oggetti che rappresentano numero, ordine e tipo dei parametri relativi al costruttore da ottenere</param>
            <param name="args">Argomenti da passare al costruttore</param>
        </member>
        <member name="M:Microsoft.VisualStudio.TestTools.UnitTesting.PrivateObject.#ctor(System.Object)">
            <summary>
            Initializes a new instance of the <see cref="T:Microsoft.VisualStudio.TestTools.UnitTesting.PrivateObject"/> class that wraps
            the given object.
            </summary>
            <param name="obj">oggetto di cui eseguire il wrapping</param>
        </member>
        <member name="M:Microsoft.VisualStudio.TestTools.UnitTesting.PrivateObject.#ctor(System.Object,Microsoft.VisualStudio.TestTools.UnitTesting.PrivateType)">
            <summary>
            Initializes a new instance of the <see cref="T:Microsoft.VisualStudio.TestTools.UnitTesting.PrivateObject"/> class that wraps
            the given object.
            </summary>
            <param name="obj">oggetto di cui eseguire il wrapping</param>
            <param name="type">Oggetto PrivateType</param>
        </member>
        <member name="P:Microsoft.VisualStudio.TestTools.UnitTesting.PrivateObject.Target">
            <summary>
            Gets or sets the target
            </summary>
        </member>
        <member name="P:Microsoft.VisualStudio.TestTools.UnitTesting.PrivateObject.RealType">
            <summary>
            Gets the type of underlying object
            </summary>
        </member>
        <member name="M:Microsoft.VisualStudio.TestTools.UnitTesting.PrivateObject.GetHashCode">
            <summary>
            restituisce il codice hash dell'oggetto di destinazione
            </summary>
            <returns>int che rappresenta il codice hash dell'oggetto di destinazione</returns>
        </member>
        <member name="M:Microsoft.VisualStudio.TestTools.UnitTesting.PrivateObject.Equals(System.Object)">
            <summary>
            Uguale a
            </summary>
            <param name="obj">Oggetto con cui eseguire il confronto</param>
            <returns>returns true if the objects are equal.</returns>
        </member>
        <member name="M:Microsoft.VisualStudio.TestTools.UnitTesting.PrivateObject.Invoke(System.String,System.Object[])">
            <summary>
            Richiama il metodo specificato
            </summary>
            <param name="name">Name of the method</param>
            <param name="args">Argomenti da passare al membro da richiamare.</param>
            <returns>Risultato della chiamata al metodo</returns>
        </member>
        <member name="M:Microsoft.VisualStudio.TestTools.UnitTesting.PrivateObject.Invoke(System.String,System.Type[],System.Object[])">
            <summary>
            Richiama il metodo specificato
            </summary>
            <param name="name">Name of the method</param>
            <param name="parameterTypes">Matrice di <see cref="T:System.Type"/> oggetti che rappresentano numero, ordine e tipo dei parametri relativi al metodo da ottenere.</param>
            <param name="args">Argomenti da passare al membro da richiamare.</param>
            <returns>Risultato della chiamata al metodo</returns>
        </member>
        <member name="M:Microsoft.VisualStudio.TestTools.UnitTesting.PrivateObject.Invoke(System.String,System.Type[],System.Object[],System.Type[])">
            <summary>
            Richiama il metodo specificato
            </summary>
            <param name="name">Name of the method</param>
            <param name="parameterTypes">Matrice di <see cref="T:System.Type"/> oggetti che rappresentano numero, ordine e tipo dei parametri relativi al metodo da ottenere.</param>
            <param name="args">Argomenti da passare al membro da richiamare.</param>
            <param name="typeArguments">Matrice di tipi corrispondenti ai tipi degli argomenti generici.</param>
            <returns>Risultato della chiamata al metodo</returns>
        </member>
        <member name="M:Microsoft.VisualStudio.TestTools.UnitTesting.PrivateObject.Invoke(System.String,System.Object[],System.Globalization.CultureInfo)">
            <summary>
            Richiama il metodo specificato
            </summary>
            <param name="name">Name of the method</param>
            <param name="args">Argomenti da passare al membro da richiamare.</param>
            <param name="culture">Info su impostazioni cultura</param>
            <returns>Risultato della chiamata al metodo</returns>
        </member>
        <member name="M:Microsoft.VisualStudio.TestTools.UnitTesting.PrivateObject.Invoke(System.String,System.Type[],System.Object[],System.Globalization.CultureInfo)">
            <summary>
            Richiama il metodo specificato
            </summary>
            <param name="name">Name of the method</param>
            <param name="parameterTypes">Matrice di <see cref="T:System.Type"/> oggetti che rappresentano numero, ordine e tipo dei parametri relativi al metodo da ottenere.</param>
            <param name="args">Argomenti da passare al membro da richiamare.</param>
            <param name="culture">Info su impostazioni cultura</param>
            <returns>Risultato della chiamata al metodo</returns>
        </member>
        <member name="M:Microsoft.VisualStudio.TestTools.UnitTesting.PrivateObject.Invoke(System.String,System.Reflection.BindingFlags,System.Object[])">
            <summary>
            Richiama il metodo specificato
            </summary>
            <param name="name">Name of the method</param>
            <param name="bindingFlags">Maschera di bit costituita da uno o più <see cref="T:System.Reflection.BindingFlags"/> che specificano in che modo viene eseguita la ricerca.</param>
            <param name="args">Argomenti da passare al membro da richiamare.</param>
            <returns>Risultato della chiamata al metodo</returns>
        </member>
        <member name="M:Microsoft.VisualStudio.TestTools.UnitTesting.PrivateObject.Invoke(System.String,System.Reflection.BindingFlags,System.Type[],System.Object[])">
            <summary>
            Richiama il metodo specificato
            </summary>
            <param name="name">Name of the method</param>
            <param name="bindingFlags">Maschera di bit costituita da uno o più <see cref="T:System.Reflection.BindingFlags"/> che specificano in che modo viene eseguita la ricerca.</param>
            <param name="parameterTypes">Matrice di <see cref="T:System.Type"/> oggetti che rappresentano numero, ordine e tipo dei parametri relativi al metodo da ottenere.</param>
            <param name="args">Argomenti da passare al membro da richiamare.</param>
            <returns>Risultato della chiamata al metodo</returns>
        </member>
        <member name="M:Microsoft.VisualStudio.TestTools.UnitTesting.PrivateObject.Invoke(System.String,System.Reflection.BindingFlags,System.Object[],System.Globalization.CultureInfo)">
            <summary>
            Richiama il metodo specificato
            </summary>
            <param name="name">Name of the method</param>
            <param name="bindingFlags">Maschera di bit costituita da uno o più <see cref="T:System.Reflection.BindingFlags"/> che specificano in che modo viene eseguita la ricerca.</param>
            <param name="args">Argomenti da passare al membro da richiamare.</param>
            <param name="culture">Info su impostazioni cultura</param>
            <returns>Risultato della chiamata al metodo</returns>
        </member>
        <member name="M:Microsoft.VisualStudio.TestTools.UnitTesting.PrivateObject.Invoke(System.String,System.Reflection.BindingFlags,System.Type[],System.Object[],System.Globalization.CultureInfo)">
            <summary>
            Richiama il metodo specificato
            </summary>
            <param name="name">Name of the method</param>
            <param name="bindingFlags">Maschera di bit costituita da uno o più <see cref="T:System.Reflection.BindingFlags"/> che specificano in che modo viene eseguita la ricerca.</param>
            <param name="parameterTypes">Matrice di <see cref="T:System.Type"/> oggetti che rappresentano numero, ordine e tipo dei parametri relativi al metodo da ottenere.</param>
            <param name="args">Argomenti da passare al membro da richiamare.</param>
            <param name="culture">Info su impostazioni cultura</param>
            <returns>Risultato della chiamata al metodo</returns>
        </member>
        <member name="M:Microsoft.VisualStudio.TestTools.UnitTesting.PrivateObject.Invoke(System.String,System.Reflection.BindingFlags,System.Type[],System.Object[],System.Globalization.CultureInfo,System.Type[])">
            <summary>
            Richiama il metodo specificato
            </summary>
            <param name="name">Nome del metodo</param>
            <param name="bindingFlags">Maschera di bit costituita da uno o più <see cref="T:System.Reflection.BindingFlags"/> che specificano in che modo viene eseguita la ricerca.</param>
            <param name="parameterTypes">Matrice di <see cref="T:System.Type"/> oggetti che rappresentano numero, ordine e tipo dei parametri relativi al metodo da ottenere.</param>
            <param name="args">Argomenti da passare al membro da richiamare.</param>
            <param name="culture">Info su impostazioni cultura</param>
            <param name="typeArguments">Matrice di tipi corrispondenti ai tipi degli argomenti generici.</param>
            <returns>Risultato della chiamata al metodo</returns>
        </member>
        <member name="M:Microsoft.VisualStudio.TestTools.UnitTesting.PrivateObject.GetArrayElement(System.String,System.Int32[])">
            <summary>
            Gets the array element using array of subsrcipts for each dimension
            </summary>
            <param name="name">Name of the member</param>
            <param name="indices">indici della matrice</param>
            <returns>An arrya of elements.</returns>
        </member>
        <member name="M:Microsoft.VisualStudio.TestTools.UnitTesting.PrivateObject.SetArrayElement(System.String,System.Object,System.Int32[])">
            <summary>
            Sets the array element using array of subsrcipts for each dimension
            </summary>
            <param name="name">Name of the member</param>
            <param name="value">Valore da impostare</param>
            <param name="indices">indici della matrice</param>
        </member>
        <member name="M:Microsoft.VisualStudio.TestTools.UnitTesting.PrivateObject.GetArrayElement(System.String,System.Reflection.BindingFlags,System.Int32[])">
            <summary>
            Gets the array element using array of subsrcipts for each dimension
            </summary>
            <param name="name">Name of the member</param>
            <param name="bindingFlags">Maschera di bit costituita da uno o più <see cref="T:System.Reflection.BindingFlags"/> che specificano in che modo viene eseguita la ricerca.</param>
            <param name="indices">indici della matrice</param>
            <returns>An arrya of elements.</returns>
        </member>
        <member name="M:Microsoft.VisualStudio.TestTools.UnitTesting.PrivateObject.SetArrayElement(System.String,System.Reflection.BindingFlags,System.Object,System.Int32[])">
            <summary>
            Sets the array element using array of subsrcipts for each dimension
            </summary>
            <param name="name">Name of the member</param>
            <param name="bindingFlags">Maschera di bit costituita da uno o più <see cref="T:System.Reflection.BindingFlags"/> che specificano in che modo viene eseguita la ricerca.</param>
            <param name="value">Valore da impostare</param>
            <param name="indices">indici della matrice</param>
        </member>
        <member name="M:Microsoft.VisualStudio.TestTools.UnitTesting.PrivateObject.GetField(System.String)">
            <summary>
            Ottiene il campo
            </summary>
            <param name="name">Name of the field</param>
            <returns>The field.</returns>
        </member>
        <member name="M:Microsoft.VisualStudio.TestTools.UnitTesting.PrivateObject.SetField(System.String,System.Object)">
            <summary>
            Imposta il campo
            </summary>
            <param name="name">Name of the field</param>
            <param name="value">valore da impostare</param>
        </member>
        <member name="M:Microsoft.VisualStudio.TestTools.UnitTesting.PrivateObject.GetField(System.String,System.Reflection.BindingFlags)">
            <summary>
            Ottiene il campo
            </summary>
            <param name="name">Name of the field</param>
            <param name="bindingFlags">Maschera di bit costituita da uno o più <see cref="T:System.Reflection.BindingFlags"/> che specificano in che modo viene eseguita la ricerca.</param>
            <returns>The field.</returns>
        </member>
        <member name="M:Microsoft.VisualStudio.TestTools.UnitTesting.PrivateObject.SetField(System.String,System.Reflection.BindingFlags,System.Object)">
            <summary>
            Imposta il campo
            </summary>
            <param name="name">Name of the field</param>
            <param name="bindingFlags">Maschera di bit costituita da uno o più <see cref="T:System.Reflection.BindingFlags"/> che specificano in che modo viene eseguita la ricerca.</param>
            <param name="value">valore da impostare</param>
        </member>
        <member name="M:Microsoft.VisualStudio.TestTools.UnitTesting.PrivateObject.GetFieldOrProperty(System.String)">
            <summary>
            Ottiene il campo o la proprietà
            </summary>
            <param name="name">Nome del campo o della proprietà</param>
            <returns>The field or property.</returns>
        </member>
        <member name="M:Microsoft.VisualStudio.TestTools.UnitTesting.PrivateObject.SetFieldOrProperty(System.String,System.Object)">
            <summary>
            Imposta il campo o la proprietà
            </summary>
            <param name="name">Nome del campo o della proprietà</param>
            <param name="value">valore da impostare</param>
        </member>
        <member name="M:Microsoft.VisualStudio.TestTools.UnitTesting.PrivateObject.GetFieldOrProperty(System.String,System.Reflection.BindingFlags)">
            <summary>
            Ottiene il campo o la proprietà
            </summary>
            <param name="name">Nome del campo o della proprietà</param>
            <param name="bindingFlags">Maschera di bit costituita da uno o più <see cref="T:System.Reflection.BindingFlags"/> che specificano in che modo viene eseguita la ricerca.</param>
            <returns>The field or property.</returns>
        </member>
        <member name="M:Microsoft.VisualStudio.TestTools.UnitTesting.PrivateObject.SetFieldOrProperty(System.String,System.Reflection.BindingFlags,System.Object)">
            <summary>
            Imposta il campo o la proprietà
            </summary>
            <param name="name">Nome del campo o della proprietà</param>
            <param name="bindingFlags">Maschera di bit costituita da uno o più <see cref="T:System.Reflection.BindingFlags"/> che specificano in che modo viene eseguita la ricerca.</param>
            <param name="value">valore da impostare</param>
        </member>
        <member name="M:Microsoft.VisualStudio.TestTools.UnitTesting.PrivateObject.GetProperty(System.String,System.Object[])">
            <summary>
            Ottiene la proprietà
            </summary>
            <param name="name">Nome della proprietà</param>
            <param name="args">Argomenti da passare al membro da richiamare.</param>
            <returns>The property.</returns>
        </member>
        <member name="M:Microsoft.VisualStudio.TestTools.UnitTesting.PrivateObject.GetProperty(System.String,System.Type[],System.Object[])">
            <summary>
            Ottiene la proprietà
            </summary>
            <param name="name">Nome della proprietà</param>
            <param name="parameterTypes">Matrice di <see cref="T:System.Type"/> oggetti che rappresentano numero, ordine e tipo dei parametri relativi alla proprietà indicizzata.</param>
            <param name="args">Argomenti da passare al membro da richiamare.</param>
            <returns>The property.</returns>
        </member>
        <member name="M:Microsoft.VisualStudio.TestTools.UnitTesting.PrivateObject.SetProperty(System.String,System.Object,System.Object[])">
            <summary>
            Imposta la proprietà
            </summary>
            <param name="name">Nome della proprietà</param>
            <param name="value">valore da impostare</param>
            <param name="args">Argomenti da passare al membro da richiamare.</param>
        </member>
        <member name="M:Microsoft.VisualStudio.TestTools.UnitTesting.PrivateObject.SetProperty(System.String,System.Type[],System.Object,System.Object[])">
            <summary>
            Imposta la proprietà
            </summary>
            <param name="name">Nome della proprietà</param>
            <param name="parameterTypes">Matrice di <see cref="T:System.Type"/> oggetti che rappresentano numero, ordine e tipo dei parametri relativi alla proprietà indicizzata.</param>
            <param name="value">valore da impostare</param>
            <param name="args">Argomenti da passare al membro da richiamare.</param>
        </member>
        <member name="M:Microsoft.VisualStudio.TestTools.UnitTesting.PrivateObject.GetProperty(System.String,System.Reflection.BindingFlags,System.Object[])">
            <summary>
            Ottiene la proprietà
            </summary>
            <param name="name">Name of the property</param>
            <param name="bindingFlags">Maschera di bit costituita da uno o più <see cref="T:System.Reflection.BindingFlags"/> che specificano in che modo viene eseguita la ricerca.</param>
            <param name="args">Argomenti da passare al membro da richiamare.</param>
            <returns>The property.</returns>
        </member>
        <member name="M:Microsoft.VisualStudio.TestTools.UnitTesting.PrivateObject.GetProperty(System.String,System.Reflection.BindingFlags,System.Type[],System.Object[])">
            <summary>
            Ottiene la proprietà
            </summary>
            <param name="name">Name of the property</param>
            <param name="bindingFlags">Maschera di bit costituita da uno o più <see cref="T:System.Reflection.BindingFlags"/> che specificano in che modo viene eseguita la ricerca.</param>
            <param name="parameterTypes">Matrice di <see cref="T:System.Type"/> oggetti che rappresentano numero, ordine e tipo dei parametri relativi alla proprietà indicizzata.</param>
            <param name="args">Argomenti da passare al membro da richiamare.</param>
            <returns>The property.</returns>
        </member>
        <member name="M:Microsoft.VisualStudio.TestTools.UnitTesting.PrivateObject.SetProperty(System.String,System.Reflection.BindingFlags,System.Object,System.Object[])">
            <summary>
            Imposta la proprietà
            </summary>
            <param name="name">Nome della proprietà</param>
            <param name="bindingFlags">Maschera di bit costituita da uno o più <see cref="T:System.Reflection.BindingFlags"/> che specificano in che modo viene eseguita la ricerca.</param>
            <param name="value">valore da impostare</param>
            <param name="args">Argomenti da passare al membro da richiamare.</param>
        </member>
        <member name="M:Microsoft.VisualStudio.TestTools.UnitTesting.PrivateObject.SetProperty(System.String,System.Reflection.BindingFlags,System.Object,System.Type[],System.Object[])">
            <summary>
            Imposta la proprietà
            </summary>
            <param name="name">Nome della proprietà</param>
            <param name="bindingFlags">Maschera di bit costituita da uno o più <see cref="T:System.Reflection.BindingFlags"/> che specificano in che modo viene eseguita la ricerca.</param>
            <param name="value">valore da impostare</param>
            <param name="parameterTypes">Matrice di <see cref="T:System.Type"/> oggetti che rappresentano numero, ordine e tipo dei parametri relativi alla proprietà indicizzata.</param>
            <param name="args">Argomenti da passare al membro da richiamare.</param>
        </member>
        <member name="M:Microsoft.VisualStudio.TestTools.UnitTesting.PrivateObject.ValidateAccessString(System.String)">
            <summary>
            Convalida la stringa di accesso
            </summary>
            <param name="access"> stringa di accesso</param>
        </member>
        <member name="M:Microsoft.VisualStudio.TestTools.UnitTesting.PrivateObject.InvokeHelper(System.String,System.Reflection.BindingFlags,System.Object[],System.Globalization.CultureInfo)">
            <summary>
            Richiama il membro
            </summary>
            <param name="name">Name of the member</param>
            <param name="bindingFlags">Attributi aggiuntivi</param>
            <param name="args">Argomenti della chiamata</param>
            <param name="culture">Impostazioni cultura</param>
            <returns>Risultato della chiamata</returns>
        </member>
        <member name="M:Microsoft.VisualStudio.TestTools.UnitTesting.PrivateObject.GetGenericMethodFromCache(System.String,System.Type[],System.Type[],System.Reflection.BindingFlags,System.Reflection.ParameterModifier[])">
            <summary>
            Estrae la firma del metodo generico più appropriata dal tipo privato corrente.
            </summary>
            <param name="methodName">Nome del metodo in cui cercare la cache delle firme.</param>
            <param name="parameterTypes">Matrice di tipi corrispondenti ai tipi dei parametri in cui eseguire la ricerca.</param>
            <param name="typeArguments">Matrice di tipi corrispondenti ai tipi degli argomenti generici.</param>
            <param name="bindingFlags"><see cref="T:System.Reflection.BindingFlags"/> per filtrare ulteriormente le firme del metodo.</param>
            <param name="modifiers">Modifiers for parameters.</param>
            <returns>A methodinfo instance.</returns>
        </member>
        <member name="T:Microsoft.VisualStudio.TestTools.UnitTesting.PrivateType">
            <summary>
            This class represents a private class for the Private Accessor functionality.
            </summary>
        </member>
        <member name="F:Microsoft.VisualStudio.TestTools.UnitTesting.PrivateType.BindToEveryThing">
            <summary>
            Esegue il binding a tutto
            </summary>
        </member>
        <member name="F:Microsoft.VisualStudio.TestTools.UnitTesting.PrivateType.type">
            <summary>
            The wrapped type.
            </summary>
        </member>
        <member name="M:Microsoft.VisualStudio.TestTools.UnitTesting.PrivateType.#ctor(System.String,System.String)">
            <summary>
            Initializes a new instance of the <see cref="T:Microsoft.VisualStudio.TestTools.UnitTesting.PrivateType"/> class that contains the private type.
            </summary>
            <param name="assemblyName">Nome dell'assembly</param>
            <param name="typeName">nome completo del </param>
        </member>
        <member name="M:Microsoft.VisualStudio.TestTools.UnitTesting.PrivateType.#ctor(System.Type)">
            <summary>
            Initializes a new instance of the <see cref="T:Microsoft.VisualStudio.TestTools.UnitTesting.PrivateType"/> class that contains
            the private type from the type object
            </summary>
            <param name="type">Oggetto Type con wrapping da creare.</param>
        </member>
        <member name="P:Microsoft.VisualStudio.TestTools.UnitTesting.PrivateType.ReferencedType">
            <summary>
            Ottiene il tipo di riferimento
            </summary>
        </member>
        <member name="M:Microsoft.VisualStudio.TestTools.UnitTesting.PrivateType.InvokeStatic(System.String,System.Object[])">
            <summary>
            Richiama il membro statico
            </summary>
            <param name="name">Nome del membro per InvokeHelper</param>
            <param name="args">Argomenti della chiamata</param>
            <returns>Risultato della chiamata</returns>
        </member>
        <member name="M:Microsoft.VisualStudio.TestTools.UnitTesting.PrivateType.InvokeStatic(System.String,System.Type[],System.Object[])">
            <summary>
            Richiama il membro statico
            </summary>
            <param name="name">Nome del membro per InvokeHelper</param>
            <param name="parameterTypes">Matrice di <see cref="T:System.Type"/> oggetti che rappresentano numero, ordine e tipo dei parametri relativi al metodo da richiamare</param>
            <param name="args">Argomenti della chiamata</param>
            <returns>Risultato della chiamata</returns>
        </member>
        <member name="M:Microsoft.VisualStudio.TestTools.UnitTesting.PrivateType.InvokeStatic(System.String,System.Type[],System.Object[],System.Type[])">
            <summary>
            Richiama il membro statico
            </summary>
            <param name="name">Nome del membro per InvokeHelper</param>
            <param name="parameterTypes">Matrice di <see cref="T:System.Type"/> oggetti che rappresentano numero, ordine e tipo dei parametri relativi al metodo da richiamare</param>
            <param name="args">Argomenti della chiamata</param>
            <param name="typeArguments">Matrice di tipi corrispondenti ai tipi degli argomenti generici.</param>
            <returns>Risultato della chiamata</returns>
        </member>
        <member name="M:Microsoft.VisualStudio.TestTools.UnitTesting.PrivateType.InvokeStatic(System.String,System.Object[],System.Globalization.CultureInfo)">
            <summary>
            Richiama il metodo statico
            </summary>
            <param name="name">Name of the member</param>
            <param name="args">Argomenti della chiamata</param>
            <param name="culture">Impostazioni cultura</param>
            <returns>Risultato della chiamata</returns>
        </member>
        <member name="M:Microsoft.VisualStudio.TestTools.UnitTesting.PrivateType.InvokeStatic(System.String,System.Type[],System.Object[],System.Globalization.CultureInfo)">
            <summary>
            Richiama il metodo statico
            </summary>
            <param name="name">Name of the member</param>
            <param name="parameterTypes">Matrice di <see cref="T:System.Type"/> oggetti che rappresentano numero, ordine e tipo dei parametri relativi al metodo da richiamare</param>
            <param name="args">Argomenti della chiamata</param>
            <param name="culture">Info su impostazioni cultura</param>
            <returns>Risultato della chiamata</returns>
        </member>
        <member name="M:Microsoft.VisualStudio.TestTools.UnitTesting.PrivateType.InvokeStatic(System.String,System.Reflection.BindingFlags,System.Object[])">
            <summary>
            Richiama il metodo statico
            </summary>
            <param name="name">Name of the member</param>
            <param name="bindingFlags">Attributi di chiamata aggiuntivi</param>
            <param name="args">Argomenti della chiamata</param>
            <returns>Risultato della chiamata</returns>
        </member>
        <member name="M:Microsoft.VisualStudio.TestTools.UnitTesting.PrivateType.InvokeStatic(System.String,System.Reflection.BindingFlags,System.Type[],System.Object[])">
            <summary>
            Richiama il metodo statico
            </summary>
            <param name="name">Name of the member</param>
            <param name="bindingFlags">Attributi di chiamata aggiuntivi</param>
            <param name="parameterTypes">Matrice di <see cref="T:System.Type"/> oggetti che rappresentano numero, ordine e tipo dei parametri relativi al metodo da richiamare</param>
            <param name="args">Argomenti della chiamata</param>
            <returns>Risultato della chiamata</returns>
        </member>
        <member name="M:Microsoft.VisualStudio.TestTools.UnitTesting.PrivateType.InvokeStatic(System.String,System.Reflection.BindingFlags,System.Object[],System.Globalization.CultureInfo)">
            <summary>
            Richiama il metodo statico
            </summary>
            <param name="name">Nome del membro</param>
            <param name="bindingFlags">Attributi di chiamata aggiuntivi</param>
            <param name="args">Argomenti della chiamata</param>
            <param name="culture">Impostazioni cultura</param>
            <returns>Risultato della chiamata</returns>
        </member>
        <member name="M:Microsoft.VisualStudio.TestTools.UnitTesting.PrivateType.InvokeStatic(System.String,System.Reflection.BindingFlags,System.Type[],System.Object[],System.Globalization.CultureInfo)">
            <summary>
            Richiama il metodo statico
            </summary>
            <param name="name">Nome del membro</param>
            <param name="bindingFlags">Attributi di chiamata aggiuntivi</param>
            /// <param name="parameterTypes">Matrice di <see cref="T:System.Type"/> oggetti che rappresentano numero, ordine e tipo dei parametri relativi al metodo da richiamare</param>
            <param name="args">Argomenti della chiamata</param>
            <param name="culture">Impostazioni cultura</param>
            <returns>Risultato della chiamata</returns>
        </member>
        <member name="M:Microsoft.VisualStudio.TestTools.UnitTesting.PrivateType.InvokeStatic(System.String,System.Reflection.BindingFlags,System.Type[],System.Object[],System.Globalization.CultureInfo,System.Type[])">
            <summary>
            Richiama il metodo statico
            </summary>
            <param name="name">Nome del membro</param>
            <param name="bindingFlags">Attributi di chiamata aggiuntivi</param>
            /// <param name="parameterTypes">Matrice di <see cref="T:System.Type"/> oggetti che rappresentano numero, ordine e tipo dei parametri relativi al metodo da richiamare</param>
            <param name="args">Argomenti della chiamata</param>
            <param name="culture">Impostazioni cultura</param>
            <param name="typeArguments">Matrice di tipi corrispondenti ai tipi degli argomenti generici.</param>
            <returns>Risultato della chiamata</returns>
        </member>
        <member name="M:Microsoft.VisualStudio.TestTools.UnitTesting.PrivateType.GetStaticArrayElement(System.String,System.Int32[])">
            <summary>
            Ottiene l'elemento nella matrice statica
            </summary>
            <param name="name">Name of the array</param>
            <param name="indices">
            Matrice unidimensionale di valori interi a 32 bit che rappresentano gli indici che specificano
            la posizione dell'elemento da ottenere. Ad esempio, per accedere a a[10][11], gli indici sono {10,11}
            </param>
            <returns>elemento alla posizione specificata</returns>
        </member>
        <member name="M:Microsoft.VisualStudio.TestTools.UnitTesting.PrivateType.SetStaticArrayElement(System.String,System.Object,System.Int32[])">
            <summary>
            Imposta il membro della matrice statica
            </summary>
            <param name="name">Name of the array</param>
            <param name="value">valore da impostare</param>
            <param name="indices">
            Matrice unidimensionale di valori interi a 32 bit che rappresentano gli indici che specificano
            la posizione dell'elemento da impostare. Ad esempio, per accedere a a[10][11], la matrice è {10,11}
            </param>
        </member>
        <member name="M:Microsoft.VisualStudio.TestTools.UnitTesting.PrivateType.GetStaticArrayElement(System.String,System.Reflection.BindingFlags,System.Int32[])">
            <summary>
            Gets the element in satatic array
            </summary>
            <param name="name">Name of the array</param>
            <param name="bindingFlags">Attributi di InvokeHelper aggiuntivi</param>
            <param name="indices">
            Matrice unidimensionale di valori interi a 32 bit che rappresentano gli indici che specificano
            la posizione dell'elemento da ottenere. Ad esempio, per accedere a a[10][11], la matrice è {10,11}
            </param>
            <returns>elemento alla posizione specificata</returns>
        </member>
        <member name="M:Microsoft.VisualStudio.TestTools.UnitTesting.PrivateType.SetStaticArrayElement(System.String,System.Reflection.BindingFlags,System.Object,System.Int32[])">
            <summary>
            Imposta il membro della matrice statica
            </summary>
            <param name="name">Name of the array</param>
            <param name="bindingFlags">Attributi di InvokeHelper aggiuntivi</param>
            <param name="value">valore da impostare</param>
            <param name="indices">
            Matrice unidimensionale di valori interi a 32 bit che rappresentano gli indici che specificano
            la posizione dell'elemento da impostare. Ad esempio, per accedere a a[10][11], la matrice è {10,11}
            </param>
        </member>
        <member name="M:Microsoft.VisualStudio.TestTools.UnitTesting.PrivateType.GetStaticField(System.String)">
            <summary>
            Ottiene il campo statico
            </summary>
            <param name="name">Nome del campo</param>
            <returns>The static field.</returns>
        </member>
        <member name="M:Microsoft.VisualStudio.TestTools.UnitTesting.PrivateType.SetStaticField(System.String,System.Object)">
            <summary>
            Imposta il campo statico
            </summary>
            <param name="name">Nome del campo</param>
            <param name="value">Argomento della chiamata</param>
        </member>
        <member name="M:Microsoft.VisualStudio.TestTools.UnitTesting.PrivateType.GetStaticField(System.String,System.Reflection.BindingFlags)">
            <summary>
            Ottiene il campo statico usando gli attributi specificati di InvokeHelper
            </summary>
            <param name="name">Nome del campo</param>
            <param name="bindingFlags">Attributi di chiamata aggiuntivi</param>
            <returns>The static field.</returns>
        </member>
        <member name="M:Microsoft.VisualStudio.TestTools.UnitTesting.PrivateType.SetStaticField(System.String,System.Reflection.BindingFlags,System.Object)">
            <summary>
            Imposta il campo statico usando gli attributi di binding
            </summary>
            <param name="name">Nome del campo</param>
            <param name="bindingFlags">Attributi di InvokeHelper aggiuntivi</param>
            <param name="value">Argomento della chiamata</param>
        </member>
        <member name="M:Microsoft.VisualStudio.TestTools.UnitTesting.PrivateType.GetStaticFieldOrProperty(System.String)">
            <summary>
            Ottiene la proprietà o il campo statico
            </summary>
            <param name="name">Nome del campo o della proprietà</param>
            <returns>The static field or property.</returns>
        </member>
        <member name="M:Microsoft.VisualStudio.TestTools.UnitTesting.PrivateType.SetStaticFieldOrProperty(System.String,System.Object)">
            <summary>
            Imposta la proprietà o il campo statico
            </summary>
            <param name="name">Nome del campo o della proprietà</param>
            <param name="value">Valore da impostare sul campo o sulla proprietà</param>
        </member>
        <member name="M:Microsoft.VisualStudio.TestTools.UnitTesting.PrivateType.GetStaticFieldOrProperty(System.String,System.Reflection.BindingFlags)">
            <summary>
            Ottiene la proprietà o il campo statico usando gli attributi specificati di InvokeHelper
            </summary>
            <param name="name">Nome del campo o della proprietà</param>
            <param name="bindingFlags">Attributi di chiamata aggiuntivi</param>
            <returns>The static field or property.</returns>
        </member>
        <member name="M:Microsoft.VisualStudio.TestTools.UnitTesting.PrivateType.SetStaticFieldOrProperty(System.String,System.Reflection.BindingFlags,System.Object)">
            <summary>
            Imposta la proprietà o il campo statico usando gli attributi di binding
            </summary>
            <param name="name">Nome del campo o della proprietà</param>
            <param name="bindingFlags">Attributi di chiamata aggiuntivi</param>
            <param name="value">Valore da impostare sul campo o sulla proprietà</param>
        </member>
        <member name="M:Microsoft.VisualStudio.TestTools.UnitTesting.PrivateType.GetStaticProperty(System.String,System.Object[])">
            <summary>
            Ottiene la proprietà statica
            </summary>
            <param name="name">Nome del campo o della proprietà</param>
            <param name="args">Argomenti della chiamata</param>
            <returns>The static property.</returns>
        </member>
        <member name="M:Microsoft.VisualStudio.TestTools.UnitTesting.PrivateType.SetStaticProperty(System.String,System.Object,System.Object[])">
            <summary>
            Imposta la proprietà statica
            </summary>
            <param name="name">Nome della proprietà</param>
            <param name="value">Valore da impostare sul campo o sulla proprietà</param>
            <param name="args">Argomenti da passare al membro da richiamare.</param>
        </member>
        <member name="M:Microsoft.VisualStudio.TestTools.UnitTesting.PrivateType.SetStaticProperty(System.String,System.Object,System.Type[],System.Object[])">
            <summary>
            Imposta la proprietà statica
            </summary>
            <param name="name">Nome della proprietà</param>
            <param name="value">Valore da impostare sul campo o sulla proprietà</param>
            <param name="parameterTypes">Matrice di <see cref="T:System.Type"/> oggetti che rappresentano numero, ordine e tipo dei parametri relativi alla proprietà indicizzata.</param>
            <param name="args">Argomenti da passare al membro da richiamare.</param>
        </member>
        <member name="M:Microsoft.VisualStudio.TestTools.UnitTesting.PrivateType.GetStaticProperty(System.String,System.Reflection.BindingFlags,System.Object[])">
            <summary>
            Ottiene la proprietà statica
            </summary>
            <param name="name">Nome della proprietà</param>
            <param name="bindingFlags">Attributi di chiamata aggiuntivi.</param>
            <param name="args">Argomenti da passare al membro da richiamare.</param>
            <returns>The static property.</returns>
        </member>
        <member name="M:Microsoft.VisualStudio.TestTools.UnitTesting.PrivateType.GetStaticProperty(System.String,System.Reflection.BindingFlags,System.Type[],System.Object[])">
            <summary>
            Ottiene la proprietà statica
            </summary>
            <param name="name">Nome della proprietà</param>
            <param name="bindingFlags">Attributi di chiamata aggiuntivi.</param>
            <param name="parameterTypes">Matrice di <see cref="T:System.Type"/> oggetti che rappresentano numero, ordine e tipo dei parametri relativi alla proprietà indicizzata.</param>
            <param name="args">Argomenti da passare al membro da richiamare.</param>
            <returns>The static property.</returns>
        </member>
        <member name="M:Microsoft.VisualStudio.TestTools.UnitTesting.PrivateType.SetStaticProperty(System.String,System.Reflection.BindingFlags,System.Object,System.Object[])">
            <summary>
            Imposta la proprietà statica
            </summary>
            <param name="name">Nome della proprietà</param>
            <param name="bindingFlags">Attributi di chiamata aggiuntivi.</param>
            <param name="value">Valore da impostare sul campo o sulla proprietà</param>
            <param name="args">Valori di indice facoltativi per le proprietà indicizzate. Gli indici delle proprietà indicizzate sono in base zero. Questo valore deve essere Null per le proprietà non indicizzate. </param>
        </member>
        <member name="M:Microsoft.VisualStudio.TestTools.UnitTesting.PrivateType.SetStaticProperty(System.String,System.Reflection.BindingFlags,System.Object,System.Type[],System.Object[])">
            <summary>
            Imposta la proprietà statica
            </summary>
            <param name="name">Nome della proprietà</param>
            <param name="bindingFlags">Attributi di chiamata aggiuntivi.</param>
            <param name="value">Valore da impostare sul campo o sulla proprietà</param>
            <param name="parameterTypes">Matrice di <see cref="T:System.Type"/> oggetti che rappresentano numero, ordine e tipo dei parametri relativi alla proprietà indicizzata.</param>
            <param name="args">Argomenti da passare al membro da richiamare.</param>
        </member>
        <member name="M:Microsoft.VisualStudio.TestTools.UnitTesting.PrivateType.InvokeHelperStatic(System.String,System.Reflection.BindingFlags,System.Object[],System.Globalization.CultureInfo)">
            <summary>
            Richiama il metodo statico
            </summary>
            <param name="name">Nome del membro</param>
            <param name="bindingFlags">Attributi di chiamata aggiuntivi</param>
            <param name="args">Argomenti della chiamata</param>
            <param name="culture">Impostazioni cultura</param>
            <returns>Risultato della chiamata</returns>
        </member>
        <member name="T:Microsoft.VisualStudio.TestTools.UnitTesting.RuntimeTypeHelper">
            <summary>
            Fornisce l'individuazione della firma del metodo per i metodi generici.
            </summary>
        </member>
        <member name="M:Microsoft.VisualStudio.TestTools.UnitTesting.RuntimeTypeHelper.CompareMethodSigAndName(System.Reflection.MethodBase,System.Reflection.MethodBase)">
            <summary>
            Compares the method signatures of these two methods.
            </summary>
            <param name="m1">Method1</param>
            <param name="m2">Method2</param>
            <returns>True if they are similiar.</returns>
        </member>
        <member name="M:Microsoft.VisualStudio.TestTools.UnitTesting.RuntimeTypeHelper.GetHierarchyDepth(System.Type)">
            <summary>
            Gets the hierarchy depty from the base type of the provided type.
            </summary>
            <param name="t">The type.</param>
            <returns>The depth.</returns>
        </member>
        <member name="M:Microsoft.VisualStudio.TestTools.UnitTesting.RuntimeTypeHelper.FindMostDerivedNewSlotMeth(System.Reflection.MethodBase[],System.Int32)">
            <summary>
            Finds most dervied type with the provided information.
            </summary>
            <param name="match">Candidate matches.</param>
            <param name="cMatches">Number of matches.</param>
            <returns>The most derived method.</returns>
        </member>
        <member name="M:Microsoft.VisualStudio.TestTools.UnitTesting.RuntimeTypeHelper.SelectMethod(System.Reflection.BindingFlags,System.Reflection.MethodBase[],System.Type[],System.Reflection.ParameterModifier[])">
            <summary>
            Dato un set di metodi corrispondenti ai criteri di base, seleziona un metodo
            basato su una matrice di tipi. Questo metodo deve restituire Null se nessun
             metodo corrisponde ai criteri.
            </summary>
            <param name="bindingAttr">Binding specification.</param>
            <param name="match">Candidate matches</param>
            <param name="types">Types</param>
            <param name="modifiers">Parameter modifiers.</param>
            <returns>Matching method. Null if none matches.</returns>
        </member>
        <member name="M:Microsoft.VisualStudio.TestTools.UnitTesting.RuntimeTypeHelper.FindMostSpecificMethod(System.Reflection.MethodBase,System.Int32[],System.Type,System.Reflection.MethodBase,System.Int32[],System.Type,System.Type[],System.Object[])">
            <summary>
            Finds the most specific method in the two methods provided.
            </summary>
            <param name="m1">Method 1</param>
            <param name="paramOrder1">Parameter order for Method 1</param>
            <param name="paramArrayType1">Paramter array type.</param>
            <param name="m2">Method 2</param>
            <param name="paramOrder2">Parameter order for Method 2</param>
            <param name="paramArrayType2">&gt;Paramter array type.</param>
            <param name="types">Types to search in.</param>
            <param name="args">Args.</param>
            <returns>An int representing the match.</returns>
        </member>
        <member name="M:Microsoft.VisualStudio.TestTools.UnitTesting.RuntimeTypeHelper.FindMostSpecific(System.Reflection.ParameterInfo[],System.Int32[],System.Type,System.Reflection.ParameterInfo[],System.Int32[],System.Type,System.Type[],System.Object[])">
            <summary>
            Finds the most specific method in the two methods provided.
            </summary>
            <param name="p1">Method 1</param>
            <param name="paramOrder1">Parameter order for Method 1</param>
            <param name="paramArrayType1">Paramter array type.</param>
            <param name="p2">Method 2</param>
            <param name="paramOrder2">Parameter order for Method 2</param>
            <param name="paramArrayType2">&gt;Paramter array type.</param>
            <param name="types">Types to search in.</param>
            <param name="args">Args.</param>
            <returns>An int representing the match.</returns>
        </member>
        <member name="M:Microsoft.VisualStudio.TestTools.UnitTesting.RuntimeTypeHelper.FindMostSpecificType(System.Type,System.Type,System.Type)">
            <summary>
            Finds the most specific type in the two provided.
            </summary>
            <param name="c1">Type 1</param>
            <param name="c2">Type 2</param>
            <param name="t">The defining type</param>
            <returns>An int representing the match.</returns>
        </member>
        <member name="T:Microsoft.VisualStudio.TestTools.UnitTesting.TestContext">
            <summary>
            Usata per archiviare le informazioni fornite agli unit test.
            </summary>
        </member>
        <member name="P:Microsoft.VisualStudio.TestTools.UnitTesting.TestContext.Properties">
            <summary>
            Gets per test properties
            </summary>
        </member>
        <member name="P:Microsoft.VisualStudio.TestTools.UnitTesting.TestContext.DataRow">
            <summary>
            Gets the current data row when test is used for data driven testing.
            </summary>
        </member>
        <member name="P:Microsoft.VisualStudio.TestTools.UnitTesting.TestContext.DataConnection">
            <summary>
            Gets current data connection row when test is used for data driven testing.
            </summary>
        </member>
        <member name="P:Microsoft.VisualStudio.TestTools.UnitTesting.TestContext.TestRunDirectory">
            <summary>
            Gets base directory for the test run, under which deployed files and result files are stored.
            </summary>
        </member>
        <member name="P:Microsoft.VisualStudio.TestTools.UnitTesting.TestContext.DeploymentDirectory">
            <summary>
            Gets directory for files deployed for the test run. Typically a subdirectory of <see cref="P:Microsoft.VisualStudio.TestTools.UnitTesting.TestContext.TestRunDirectory"/>.
            </summary>
        </member>
        <member name="P:Microsoft.VisualStudio.TestTools.UnitTesting.TestContext.ResultsDirectory">
            <summary>
            Gets base directory for results from the test run. Typically a subdirectory of <see cref="P:Microsoft.VisualStudio.TestTools.UnitTesting.TestContext.TestRunDirectory"/>.
            </summary>
        </member>
        <member name="P:Microsoft.VisualStudio.TestTools.UnitTesting.TestContext.TestRunResultsDirectory">
            <summary>
            Gets directory for test run result files. Typically a subdirectory of <see cref="P:Microsoft.VisualStudio.TestTools.UnitTesting.TestContext.ResultsDirectory"/>.
            </summary>
        </member>
        <member name="P:Microsoft.VisualStudio.TestTools.UnitTesting.TestContext.TestResultsDirectory">
            <summary>
            Gets directory for test result files.
            </summary>
        </member>
        <member name="P:Microsoft.VisualStudio.TestTools.UnitTesting.TestContext.TestDir">
            <summary>
            Gets base directory for the test run, under which deployed files and result files are stored.
            Same as <see cref="P:Microsoft.VisualStudio.TestTools.UnitTesting.TestContext.TestRunDirectory"/>. In alternativa, usare tale proprietà.
            </summary>
        </member>
        <member name="P:Microsoft.VisualStudio.TestTools.UnitTesting.TestContext.TestDeploymentDir">
            <summary>
            Gets directory for files deployed for the test run. Typically a subdirectory of <see cref="P:Microsoft.VisualStudio.TestTools.UnitTesting.TestContext.TestRunDirectory"/>.
            Same as <see cref="P:Microsoft.VisualStudio.TestTools.UnitTesting.TestContext.DeploymentDirectory"/>. In alternativa, usare tale proprietà.
            </summary>
        </member>
        <member name="P:Microsoft.VisualStudio.TestTools.UnitTesting.TestContext.TestLogsDir">
            <summary>
            Gets directory for test run result files. Typically a subdirectory of <see cref="P:Microsoft.VisualStudio.TestTools.UnitTesting.TestContext.ResultsDirectory"/>.
            Same as <see cref="P:Microsoft.VisualStudio.TestTools.UnitTesting.TestContext.TestRunResultsDirectory"/>. Usare tale proprietà per i file di risultati dell'esecuzione dei test oppure
            <see cref="P:Microsoft.VisualStudio.TestTools.UnitTesting.TestContext.TestResultsDirectory"/> in alternativa per file di risultati specifici del test.
            </summary>
        </member>
        <member name="P:Microsoft.VisualStudio.TestTools.UnitTesting.TestContext.FullyQualifiedTestClassName">
            <summary>
            Gets the Fully-qualified name of the class containing the test method currently being executed
            </summary>
        </member>
        <member name="P:Microsoft.VisualStudio.TestTools.UnitTesting.TestContext.TestName">
            <summary>
            Gets the name of the test method currently being executed
            </summary>
        </member>
        <member name="P:Microsoft.VisualStudio.TestTools.UnitTesting.TestContext.CurrentTestOutcome">
            <summary>
            Ottiene il risultato del test corrente.
            </summary>
        </member>
        <member name="M:Microsoft.VisualStudio.TestTools.UnitTesting.TestContext.WriteLine(System.String)">
            <summary>
            Usato per scrivere messaggi di traccia durante l'esecuzione del test
            </summary>
            <param name="message">stringa del messaggio formattato</param>
        </member>
        <member name="M:Microsoft.VisualStudio.TestTools.UnitTesting.TestContext.WriteLine(System.String,System.Object[])">
            <summary>
            Usato per scrivere messaggi di traccia durante l'esecuzione del test
            </summary>
            <param name="format">stringa di formato</param>
            <param name="args">argomenti</param>
        </member>
        <member name="M:Microsoft.VisualStudio.TestTools.UnitTesting.TestContext.AddResultFile(System.String)">
            <summary>
            Aggiunge un nome file all'elenco in TestResult.ResultFileNames
            </summary>
            <param name="fileName">
            Nome file.
            </param>
        </member>
        <member name="M:Microsoft.VisualStudio.TestTools.UnitTesting.TestContext.BeginTimer(System.String)">
            <summary>
            Avvia un timer con il nome specificato
            </summary>
            <param name="timerName"> Name of the timer.</param>
        </member>
        <member name="M:Microsoft.VisualStudio.TestTools.UnitTesting.TestContext.EndTimer(System.String)">
            <summary>
            Termina un timer con il nome specificato
            </summary>
            <param name="timerName"> Name of the timer.</param>
        </member>
    </members>
</doc>
