<?xml version="1.0"?>
<doc>
    <assembly>
        <name>Microsoft.VisualStudio.TestPlatform.TestFramework.Extensions</name>
    </assembly>
    <members>
        <member name="T:Microsoft.VisualStudio.TestTools.UnitTesting.DeploymentItemAttribute">
            <summary>
            Used to specify deployment item (file or directory) for per-test deployment.
            Can be specified on test class or test method.
            Can have multiple instances of the attribute to specify more than one item.
            The item path can be absolute or relative, if relative, it is relative to RunConfig.RelativePathRoot.
            </summary>
            <example>
            [DeploymentItem("file1.xml")]
            [DeploymentItem("file2.xml", "DataFiles")]
            [DeploymentItem("bin\Debug")]
            </example>
            <remarks>
            Putting this in here so that UWP discovery works. We still do not want users to be using DeploymentItem in the UWP world - Hence making it internal.
            We should separate out DeploymentItem logic in the adapter via a Framework extensiblity point.
            Filed https://github.com/Microsoft/testfx/issues/100 to track this.
            </remarks>
        </member>
        <member name="M:Microsoft.VisualStudio.TestTools.UnitTesting.DeploymentItemAttribute.#ctor(System.String)">
            <summary>
            Initializes a new instance of the <see cref="T:Microsoft.VisualStudio.TestTools.UnitTesting.DeploymentItemAttribute"/> class.
            </summary>
            <param name="path">The file or directory to deploy. The path is relative to the build output directory. The item will be copied to the same directory as the deployed test assemblies.</param>
        </member>
        <member name="M:Microsoft.VisualStudio.TestTools.UnitTesting.DeploymentItemAttribute.#ctor(System.String,System.String)">
            <summary>
            Initializes a new instance of the <see cref="T:Microsoft.VisualStudio.TestTools.UnitTesting.DeploymentItemAttribute"/> class
            </summary>
            <param name="path">The relative or absolute path to the file or directory to deploy. The path is relative to the build output directory. The item will be copied to the same directory as the deployed test assemblies.</param>
            <param name="outputDirectory">The path of the directory to which the items are to be copied. It can be either absolute or relative to the deployment directory. All files and directories identified by <paramref name="path"/> will be copied to this directory.</param>
        </member>
        <member name="P:Microsoft.VisualStudio.TestTools.UnitTesting.DeploymentItemAttribute.Path">
            <summary>
            Gets the path of the source file or folder to be copied.
            </summary>
        </member>
        <member name="P:Microsoft.VisualStudio.TestTools.UnitTesting.DeploymentItemAttribute.OutputDirectory">
            <summary>
            Gets the path of the directory to which the item is copied.
            </summary>
        </member>
        <member name="T:Microsoft.VisualStudio.TestTools.UnitTesting.AppContainer.UITestMethodAttribute">
            <summary>
            Executar código de teste no thread da Interface do Usuário para Aplicativos da Windows Store.
            </summary>
        </member>
        <member name="M:Microsoft.VisualStudio.TestTools.UnitTesting.AppContainer.UITestMethodAttribute.Execute(Microsoft.VisualStudio.TestTools.UnitTesting.ITestMethod)">
            <summary>
            Executa o método de teste no Thread da Interface do Usuário.
            </summary>
            <param name="testMethod">
            O Método de teste.
            </param>
            <returns>
            An array of <see cref="T:Microsoft.VisualStudio.TestTools.UnitTesting.TestResult"/> instances.
            </returns>
            Gera <exception cref="T:System.NotSupportedException"> quando executado em um método de teste assíncrono.
            </exception>
        </member>
        <member name="T:Microsoft.VisualStudio.TestTools.UnitTesting.TestContext">
            <summary>
            TestContext class. This class should be fully abstract and not contain any
            members. The adapter will implement the members. Users in the framework should
            only access this via a well-defined interface.
            </summary>
        </member>
        <member name="P:Microsoft.VisualStudio.TestTools.UnitTesting.TestContext.Properties">
            <summary>
            Obtém as propriedades de teste para um teste.
            </summary>
        </member>
        <member name="P:Microsoft.VisualStudio.TestTools.UnitTesting.TestContext.FullyQualifiedTestClassName">
            <summary>
            Obtém o Nome totalmente qualificado da classe contendo o método de teste executado no momento
            </summary>
            <remarks>
            Essa propriedade pode ser útil em atributos derivados de ExpectedExceptionBaseAttribute.
            Esses atributos têm acesso ao contexto do teste e fornecem mensagens incluídas
            nos resultados de teste. Os usuários podem aproveitar as mensagens que incluem o nome de classe totalmente qualificado,
            além do nome do método de teste executado no momento.
            </remarks>
        </member>
        <member name="P:Microsoft.VisualStudio.TestTools.UnitTesting.TestContext.TestName">
            <summary>
            Obtém o Nome do método de teste executado no momento
            </summary>
        </member>
        <member name="P:Microsoft.VisualStudio.TestTools.UnitTesting.TestContext.CurrentTestOutcome">
            <summary>
            Obtém o resultado do teste atual.
            </summary>
        </member>
    </members>
</doc>
