<?xml version="1.0"?>
<doc>
    <assembly>
        <name>Microsoft.VisualStudio.TestPlatform.TestFramework.Extensions</name>
    </assembly>
    <members>
        <member name="T:Microsoft.VisualStudio.TestTools.UnitTesting.DeploymentItemAttribute">
            <summary>
            Used to specify deployment item (file or directory) for per-test deployment.
            Can be specified on test class or test method.
            Can have multiple instances of the attribute to specify more than one item.
            The item path can be absolute or relative, if relative, it is relative to RunConfig.RelativePathRoot.
            </summary>
            <example>
            [DeploymentItem("file1.xml")]
            [DeploymentItem("file2.xml", "DataFiles")]
            [DeploymentItem("bin\Debug")]
            </example>
            <remarks>
            Putting this in here so that UWP discovery works. We still do not want users to be using DeploymentItem in the UWP world - Hence making it internal.
            We should separate out DeploymentItem logic in the adapter via a Framework extensiblity point.
            Filed https://github.com/Microsoft/testfx/issues/100 to track this.
            </remarks>
        </member>
        <member name="M:Microsoft.VisualStudio.TestTools.UnitTesting.DeploymentItemAttribute.#ctor(System.String)">
            <summary>
            Initializes a new instance of the <see cref="T:Microsoft.VisualStudio.TestTools.UnitTesting.DeploymentItemAttribute"/> class.
            </summary>
            <param name="path">The file or directory to deploy. The path is relative to the build output directory. The item will be copied to the same directory as the deployed test assemblies.</param>
        </member>
        <member name="M:Microsoft.VisualStudio.TestTools.UnitTesting.DeploymentItemAttribute.#ctor(System.String,System.String)">
            <summary>
            Initializes a new instance of the <see cref="T:Microsoft.VisualStudio.TestTools.UnitTesting.DeploymentItemAttribute"/> class
            </summary>
            <param name="path">The relative or absolute path to the file or directory to deploy. The path is relative to the build output directory. The item will be copied to the same directory as the deployed test assemblies.</param>
            <param name="outputDirectory">The path of the directory to which the items are to be copied. It can be either absolute or relative to the deployment directory. All files and directories identified by <paramref name="path"/> will be copied to this directory.</param>
        </member>
        <member name="P:Microsoft.VisualStudio.TestTools.UnitTesting.DeploymentItemAttribute.Path">
            <summary>
            Gets the path of the source file or folder to be copied.
            </summary>
        </member>
        <member name="P:Microsoft.VisualStudio.TestTools.UnitTesting.DeploymentItemAttribute.OutputDirectory">
            <summary>
            Gets the path of the directory to which the item is copied.
            </summary>
        </member>
        <member name="T:Microsoft.VisualStudio.TestTools.UnitTesting.AppContainer.UITestMethodAttribute">
            <summary>
            Pro aplikace pro Windows Store spustit testovací kód ve vlákně uživatelského rozhraní
            </summary>
        </member>
        <member name="M:Microsoft.VisualStudio.TestTools.UnitTesting.AppContainer.UITestMethodAttribute.Execute(Microsoft.VisualStudio.TestTools.UnitTesting.ITestMethod)">
            <summary>
            Spustí testovací metodu ve vlákně uživatelského rozhraní.
            </summary>
            <param name="testMethod">
            Testovací metoda
            </param>
            <returns>
            An array of <see cref="T:Microsoft.VisualStudio.TestTools.UnitTesting.TestResult"/> instances.
            </returns>
            Vyvolává <exception cref="T:System.NotSupportedException"> při spuštění pro asynchronní testovací metodu.
            </exception>
        </member>
        <member name="T:Microsoft.VisualStudio.TestTools.UnitTesting.TestContext">
            <summary>
            TestContext class. This class should be fully abstract and not contain any
            members. The adapter will implement the members. Users in the framework should
            only access this via a well-defined interface.
            </summary>
        </member>
        <member name="P:Microsoft.VisualStudio.TestTools.UnitTesting.TestContext.Properties">
            <summary>
            Získá pro test vlastnosti testu.
            </summary>
        </member>
        <member name="P:Microsoft.VisualStudio.TestTools.UnitTesting.TestContext.FullyQualifiedTestClassName">
            <summary>
            Získá plně kvalifikovaný název třídy obsahující aktuálně prováděnou testovací metodu
            </summary>
            <remarks>
            Tato vlastnost může být užitečná u atributů odvozených od ExpectedExceptionBaseAttribute.
            Tyto atributy mají přístup ke kontextu testu a poskytují zprávy, které jsou zahrnuty
            ve výsledcích testů. Uživatelé mohou využívat výhod zpráv, které kromě názvu aktuálně prováděné testovací metody
            zahrnují také plně kvalifikovaný název třídy.
            </remarks>
        </member>
        <member name="P:Microsoft.VisualStudio.TestTools.UnitTesting.TestContext.TestName">
            <summary>
            Získá název aktuálně prováděné testovací metody
            </summary>
        </member>
        <member name="P:Microsoft.VisualStudio.TestTools.UnitTesting.TestContext.CurrentTestOutcome">
            <summary>
            Získá aktuální výsledek testu.
            </summary>
        </member>
    </members>
</doc>
