<?xml version="1.0"?>
<doc>
    <assembly>
        <name>Microsoft.VisualStudio.TestPlatform.TestFramework.Extensions</name>
    </assembly>
    <members>
        <member name="T:Microsoft.VisualStudio.TestTools.UnitTesting.DeploymentItemAttribute">
            <summary>
            Used to specify deployment item (file or directory) for per-test deployment.
            Can be specified on test class or test method.
            Can have multiple instances of the attribute to specify more than one item.
            The item path can be absolute or relative, if relative, it is relative to RunConfig.RelativePathRoot.
            </summary>
            <example>
            [DeploymentItem("file1.xml")]
            [DeploymentItem("file2.xml", "DataFiles")]
            [DeploymentItem("bin\Debug")]
            </example>
        </member>
        <member name="M:Microsoft.VisualStudio.TestTools.UnitTesting.DeploymentItemAttribute.#ctor(System.String)">
            <summary>
            Initializes a new instance of the <see cref="T:Microsoft.VisualStudio.TestTools.UnitTesting.DeploymentItemAttribute"/> class.
            </summary>
            <param name="path">The file or directory to deploy. The path is relative to the build output directory. The item will be copied to the same directory as the deployed test assemblies.</param>
        </member>
        <member name="M:Microsoft.VisualStudio.TestTools.UnitTesting.DeploymentItemAttribute.#ctor(System.String,System.String)">
            <summary>
            Initializes a new instance of the <see cref="T:Microsoft.VisualStudio.TestTools.UnitTesting.DeploymentItemAttribute"/> class
            </summary>
            <param name="path">The relative or absolute path to the file or directory to deploy. The path is relative to the build output directory. The item will be copied to the same directory as the deployed test assemblies.</param>
            <param name="outputDirectory">The path of the directory to which the items are to be copied. It can be either absolute or relative to the deployment directory. All files and directories identified by <paramref name="path"/> will be copied to this directory.</param>
        </member>
        <member name="P:Microsoft.VisualStudio.TestTools.UnitTesting.DeploymentItemAttribute.Path">
            <summary>
            Gets the path of the source file or folder to be copied.
            </summary>
        </member>
        <member name="P:Microsoft.VisualStudio.TestTools.UnitTesting.DeploymentItemAttribute.OutputDirectory">
            <summary>
            Gets the path of the directory to which the item is copied.
            </summary>
        </member>
        <member name="T:Microsoft.VisualStudio.TestTools.UnitTesting.ConfigurationNames">
            <summary>
            Contient les littéraux pour les noms de sections, de propriétés et d'attributs.
            </summary>
        </member>
        <member name="F:Microsoft.VisualStudio.TestTools.UnitTesting.ConfigurationNames.SectionName">
            <summary>
            The configuration section name.
            </summary>
        </member>
        <member name="F:Microsoft.VisualStudio.TestTools.UnitTesting.ConfigurationNames.Beta2SectionName">
            <summary>
            The configuration section name for Beta2. Left around for compat.
            </summary>
        </member>
        <member name="F:Microsoft.VisualStudio.TestTools.UnitTesting.ConfigurationNames.DataSourcesSectionName">
            <summary>
            Section name for Data source.
            </summary>
        </member>
        <member name="F:Microsoft.VisualStudio.TestTools.UnitTesting.ConfigurationNames.NameAttributeName">
            <summary>
            Attribute name for 'Name'
            </summary>
        </member>
        <member name="F:Microsoft.VisualStudio.TestTools.UnitTesting.ConfigurationNames.ConnectionStringAttributeName">
            <summary>
            Attribute name for 'ConnectionString'
            </summary>
        </member>
        <member name="F:Microsoft.VisualStudio.TestTools.UnitTesting.ConfigurationNames.DataAccessMethodAttributeName">
            <summary>
            Attrbiute name for 'DataAccessMethod'
            </summary>
        </member>
        <member name="F:Microsoft.VisualStudio.TestTools.UnitTesting.ConfigurationNames.DataTableAttributeName">
            <summary>
            Attribute name for 'DataTable'
            </summary>
        </member>
        <member name="T:Microsoft.VisualStudio.TestTools.UnitTesting.DataSourceElement">
            <summary>
            Élément de la source de données.
            </summary>
        </member>
        <member name="P:Microsoft.VisualStudio.TestTools.UnitTesting.DataSourceElement.Name">
            <summary>
            Gets or sets the name of this configuration.
            </summary>
        </member>
        <member name="P:Microsoft.VisualStudio.TestTools.UnitTesting.DataSourceElement.ConnectionString">
            <summary>
            Gets or sets the ConnectionStringSettings element in &lt;connectionStrings&gt; section in the .config file.
            </summary>
        </member>
        <member name="P:Microsoft.VisualStudio.TestTools.UnitTesting.DataSourceElement.DataTableName">
            <summary>
            Gets or sets the name of the data table.
            </summary>
        </member>
        <member name="P:Microsoft.VisualStudio.TestTools.UnitTesting.DataSourceElement.DataAccessMethod">
            <summary>
            Gets or sets the type of data access.
            </summary>
        </member>
        <member name="P:Microsoft.VisualStudio.TestTools.UnitTesting.DataSourceElement.Key">
            <summary>
            Gets the key name.
            </summary>
        </member>
        <member name="P:Microsoft.VisualStudio.TestTools.UnitTesting.DataSourceElement.Properties">
            <summary>
            Obtient les propriétés de configuration.
            </summary>
        </member>
        <member name="T:Microsoft.VisualStudio.TestTools.UnitTesting.DataSourceElementCollection">
            <summary>
            Collection d'éléments de la source de données.
            </summary>
        </member>
        <member name="M:Microsoft.VisualStudio.TestTools.UnitTesting.DataSourceElementCollection.#ctor">
            <summary>
            Initializes a new instance of the <see cref="T:Microsoft.VisualStudio.TestTools.UnitTesting.DataSourceElementCollection"/> class.
            </summary>
        </member>
        <member name="P:Microsoft.VisualStudio.TestTools.UnitTesting.DataSourceElementCollection.Item(System.String)">
            <summary>
            Retourne l'élément de configuration avec la clé spécifiée.
            </summary>
            <param name="name">Clé de l'élément à retourner.</param>
            <returns>System.Configuration.ConfigurationElement avec la clé spécifiée ; sinon, null.</returns>
        </member>
        <member name="P:Microsoft.VisualStudio.TestTools.UnitTesting.DataSourceElementCollection.Item(System.Int32)">
            <summary>
            Obtient l'élément de configuration à l'emplacement d'index spécifié.
            </summary>
            <param name="index">Emplacement d'index du System.Configuration.ConfigurationElement à retourner.</param>
        </member>
        <member name="M:Microsoft.VisualStudio.TestTools.UnitTesting.DataSourceElementCollection.Add(Microsoft.VisualStudio.TestTools.UnitTesting.DataSourceElement)">
            <summary>
            Ajoute un élément de configuration à la collection d'éléments de configuration.
            </summary>
            <param name="element">System.Configuration.ConfigurationElement à ajouter.</param>
        </member>
        <member name="M:Microsoft.VisualStudio.TestTools.UnitTesting.DataSourceElementCollection.Remove(Microsoft.VisualStudio.TestTools.UnitTesting.DataSourceElement)">
            <summary>
            Supprime System.Configuration.ConfigurationElement de la collection.
            </summary>
            <param name="element">Le <see cref="T:Microsoft.VisualStudio.TestTools.UnitTesting.DataSourceElement"/> .</param>
        </member>
        <member name="M:Microsoft.VisualStudio.TestTools.UnitTesting.DataSourceElementCollection.Remove(System.String)">
            <summary>
            Supprime System.Configuration.ConfigurationElement de la collection.
            </summary>
            <param name="name">Clé du System.Configuration.ConfigurationElement à supprimer.</param>
        </member>
        <member name="M:Microsoft.VisualStudio.TestTools.UnitTesting.DataSourceElementCollection.Clear">
            <summary>
            Supprime tous les objets d'éléments de configuration dans la collection.
            </summary>
        </member>
        <member name="M:Microsoft.VisualStudio.TestTools.UnitTesting.DataSourceElementCollection.CreateNewElement">
            <summary>
            Crée un <see cref="T:Microsoft.VisualStudio.TestTools.UnitTesting.DataSourceElement"/>.
            </summary>
            <returns>Nouveau <see cref="T:Microsoft.VisualStudio.TestTools.UnitTesting.DataSourceElement"/>.</returns>
        </member>
        <member name="M:Microsoft.VisualStudio.TestTools.UnitTesting.DataSourceElementCollection.GetElementKey(System.Configuration.ConfigurationElement)">
            <summary>
            Obtient la clé d'un élément de configuration spécifique.
            </summary>
            <param name="element">System.Configuration.ConfigurationElement dont la clé doit être retournée.</param>
            <returns>System.Object qui fait office de clé pour le System.Configuration.ConfigurationElement spécifié.</returns>
        </member>
        <member name="M:Microsoft.VisualStudio.TestTools.UnitTesting.DataSourceElementCollection.BaseAdd(System.Configuration.ConfigurationElement)">
            <summary>
            Ajoute un élément de configuration à la collection d'éléments de configuration.
            </summary>
            <param name="element">System.Configuration.ConfigurationElement à ajouter.</param>
        </member>
        <member name="M:Microsoft.VisualStudio.TestTools.UnitTesting.DataSourceElementCollection.BaseAdd(System.Int32,System.Configuration.ConfigurationElement)">
            <summary>
            Ajoute un élément de configuration à la collection d'éléments de configuration.
            </summary>
            <param name="index">Emplacement d'index où ajouter le System.Configuration.ConfigurationElement spécifié.</param>
            <param name="element">System.Configuration.ConfigurationElement à ajouter.</param>
        </member>
        <member name="T:Microsoft.VisualStudio.TestTools.UnitTesting.TestConfiguration">
            <summary>
            Prise en charge des paramètres de configuration pour les tests.
            </summary>
        </member>
        <member name="P:Microsoft.VisualStudio.TestTools.UnitTesting.TestConfiguration.ConfigurationSection">
            <summary>
            Obtient la section de configuration des tests.
            </summary>
        </member>
        <member name="T:Microsoft.VisualStudio.TestTools.UnitTesting.TestConfigurationSection">
            <summary>
            Section de configuration des tests.
            </summary>
        </member>
        <member name="P:Microsoft.VisualStudio.TestTools.UnitTesting.TestConfigurationSection.DataSources">
            <summary>
            Gets the data sources for this configuration section.
            </summary>
        </member>
        <member name="P:Microsoft.VisualStudio.TestTools.UnitTesting.TestConfigurationSection.Properties">
            <summary>
            Obtient la collection de propriétés.
            </summary>
            <returns>
            Le <see cref="T:System.Configuration.ConfigurationPropertyCollection"/> des propriétés de l'élément.
            </returns>
        </member>
        <member name="T:Microsoft.VisualStudio.TestTools.UnitTesting.PrivateObject">
            <summary>
            This class represents the live NON public INTERNAL object in the system
            </summary>
        </member>
        <member name="M:Microsoft.VisualStudio.TestTools.UnitTesting.PrivateObject.#ctor(System.Object,System.String)">
            <summary>
            Initializes a new instance of the <see cref="T:Microsoft.VisualStudio.TestTools.UnitTesting.PrivateObject"/> class that contains
            the already existing object of the private class
            </summary>
            <param name="obj"> objet qui sert de point de départ pour atteindre les membres privés</param>
            <param name="memberToAccess">chaîne de déréférencement utilisant . et qui pointe vers l'objet à récupérer, par exemple m_X.m_Y.m_Z</param>
        </member>
        <member name="M:Microsoft.VisualStudio.TestTools.UnitTesting.PrivateObject.#ctor(System.String,System.String,System.Object[])">
            <summary>
            Initializes a new instance of the <see cref="T:Microsoft.VisualStudio.TestTools.UnitTesting.PrivateObject"/> class that wraps the
            specified type.
            </summary>
            <param name="assemblyName">Name of the assembly</param>
            <param name="typeName">nom complet</param>
            <param name="args">Arguments à passer au constructeur</param>
        </member>
        <member name="M:Microsoft.VisualStudio.TestTools.UnitTesting.PrivateObject.#ctor(System.String,System.String,System.Type[],System.Object[])">
            <summary>
            Initializes a new instance of the <see cref="T:Microsoft.VisualStudio.TestTools.UnitTesting.PrivateObject"/> class that wraps the
            specified type.
            </summary>
            <param name="assemblyName">Name of the assembly</param>
            <param name="typeName">nom complet</param>
            <param name="parameterTypes">Tableau qui contient des <see cref="T:System.Type"/> objets représentant le nombre, l'ordre et le type des paramètres du constructeur à obtenir</param>
            <param name="args">Arguments à passer au constructeur</param>
        </member>
        <member name="M:Microsoft.VisualStudio.TestTools.UnitTesting.PrivateObject.#ctor(System.Type,System.Object[])">
            <summary>
            Initializes a new instance of the <see cref="T:Microsoft.VisualStudio.TestTools.UnitTesting.PrivateObject"/> class that wraps the
            specified type.
            </summary>
            <param name="type">type d'objet à créer</param>
            <param name="args">Arguments à passer au constructeur</param>
        </member>
        <member name="M:Microsoft.VisualStudio.TestTools.UnitTesting.PrivateObject.#ctor(System.Type,System.Type[],System.Object[])">
            <summary>
            Initializes a new instance of the <see cref="T:Microsoft.VisualStudio.TestTools.UnitTesting.PrivateObject"/> class that wraps the
            specified type.
            </summary>
            <param name="type">type d'objet à créer</param>
            <param name="parameterTypes">Tableau qui contient des <see cref="T:System.Type"/> objets représentant le nombre, l'ordre et le type des paramètres du constructeur à obtenir</param>
            <param name="args">Arguments à passer au constructeur</param>
        </member>
        <member name="M:Microsoft.VisualStudio.TestTools.UnitTesting.PrivateObject.#ctor(System.Object)">
            <summary>
            Initializes a new instance of the <see cref="T:Microsoft.VisualStudio.TestTools.UnitTesting.PrivateObject"/> class that wraps
            the given object.
            </summary>
            <param name="obj">objet à inclure dans un wrapper</param>
        </member>
        <member name="M:Microsoft.VisualStudio.TestTools.UnitTesting.PrivateObject.#ctor(System.Object,Microsoft.VisualStudio.TestTools.UnitTesting.PrivateType)">
            <summary>
            Initializes a new instance of the <see cref="T:Microsoft.VisualStudio.TestTools.UnitTesting.PrivateObject"/> class that wraps
            the given object.
            </summary>
            <param name="obj">objet à inclure dans un wrapper</param>
            <param name="type">Objet PrivateType</param>
        </member>
        <member name="P:Microsoft.VisualStudio.TestTools.UnitTesting.PrivateObject.Target">
            <summary>
            Gets or sets the target
            </summary>
        </member>
        <member name="P:Microsoft.VisualStudio.TestTools.UnitTesting.PrivateObject.RealType">
            <summary>
            Gets the type of underlying object
            </summary>
        </member>
        <member name="M:Microsoft.VisualStudio.TestTools.UnitTesting.PrivateObject.GetHashCode">
            <summary>
            retourne le code de hachage de l'objet cible
            </summary>
            <returns>int représentant le code de hachage de l'objet cible</returns>
        </member>
        <member name="M:Microsoft.VisualStudio.TestTools.UnitTesting.PrivateObject.Equals(System.Object)">
            <summary>
            Est égal à
            </summary>
            <param name="obj">Objet à comparer</param>
            <returns>returns true if the objects are equal.</returns>
        </member>
        <member name="M:Microsoft.VisualStudio.TestTools.UnitTesting.PrivateObject.Invoke(System.String,System.Object[])">
            <summary>
            Appelle la méthode spécifiée
            </summary>
            <param name="name">Name of the method</param>
            <param name="args">Arguments à passer au membre à appeler.</param>
            <returns>Résultat de l'appel de méthode</returns>
        </member>
        <member name="M:Microsoft.VisualStudio.TestTools.UnitTesting.PrivateObject.Invoke(System.String,System.Type[],System.Object[])">
            <summary>
            Appelle la méthode spécifiée
            </summary>
            <param name="name">Name of the method</param>
            <param name="parameterTypes">Tableau qui contient des <see cref="T:System.Type"/> objets représentant le nombre, l'ordre et le type des paramètres de la méthode à obtenir.</param>
            <param name="args">Arguments à passer au membre à appeler.</param>
            <returns>Résultat de l'appel de méthode</returns>
        </member>
        <member name="M:Microsoft.VisualStudio.TestTools.UnitTesting.PrivateObject.Invoke(System.String,System.Type[],System.Object[],System.Type[])">
            <summary>
            Appelle la méthode spécifiée
            </summary>
            <param name="name">Name of the method</param>
            <param name="parameterTypes">Tableau qui contient des <see cref="T:System.Type"/> objets représentant le nombre, l'ordre et le type des paramètres de la méthode à obtenir.</param>
            <param name="args">Arguments à passer au membre à appeler.</param>
            <param name="typeArguments">Tableau de types correspondant aux types des arguments génériques.</param>
            <returns>Résultat de l'appel de méthode</returns>
        </member>
        <member name="M:Microsoft.VisualStudio.TestTools.UnitTesting.PrivateObject.Invoke(System.String,System.Object[],System.Globalization.CultureInfo)">
            <summary>
            Appelle la méthode spécifiée
            </summary>
            <param name="name">Name of the method</param>
            <param name="args">Arguments à passer au membre à appeler.</param>
            <param name="culture">Informations sur la culture</param>
            <returns>Résultat de l'appel de méthode</returns>
        </member>
        <member name="M:Microsoft.VisualStudio.TestTools.UnitTesting.PrivateObject.Invoke(System.String,System.Type[],System.Object[],System.Globalization.CultureInfo)">
            <summary>
            Appelle la méthode spécifiée
            </summary>
            <param name="name">Name of the method</param>
            <param name="parameterTypes">Tableau qui contient des <see cref="T:System.Type"/> objets représentant le nombre, l'ordre et le type des paramètres de la méthode à obtenir.</param>
            <param name="args">Arguments à passer au membre à appeler.</param>
            <param name="culture">Informations sur la culture</param>
            <returns>Résultat de l'appel de méthode</returns>
        </member>
        <member name="M:Microsoft.VisualStudio.TestTools.UnitTesting.PrivateObject.Invoke(System.String,System.Reflection.BindingFlags,System.Object[])">
            <summary>
            Appelle la méthode spécifiée
            </summary>
            <param name="name">Name of the method</param>
            <param name="bindingFlags">Masque de bits composé d'un ou de plusieurs <see cref="T:System.Reflection.BindingFlags"/> qui spécifient la façon dont la recherche est effectuée.</param>
            <param name="args">Arguments à passer au membre à appeler.</param>
            <returns>Résultat de l'appel de méthode</returns>
        </member>
        <member name="M:Microsoft.VisualStudio.TestTools.UnitTesting.PrivateObject.Invoke(System.String,System.Reflection.BindingFlags,System.Type[],System.Object[])">
            <summary>
            Appelle la méthode spécifiée
            </summary>
            <param name="name">Name of the method</param>
            <param name="bindingFlags">Masque de bits composé d'un ou de plusieurs <see cref="T:System.Reflection.BindingFlags"/> qui spécifient la façon dont la recherche est effectuée.</param>
            <param name="parameterTypes">Tableau qui contient des <see cref="T:System.Type"/> objets représentant le nombre, l'ordre et le type des paramètres de la méthode à obtenir.</param>
            <param name="args">Arguments à passer au membre à appeler.</param>
            <returns>Résultat de l'appel de méthode</returns>
        </member>
        <member name="M:Microsoft.VisualStudio.TestTools.UnitTesting.PrivateObject.Invoke(System.String,System.Reflection.BindingFlags,System.Object[],System.Globalization.CultureInfo)">
            <summary>
            Appelle la méthode spécifiée
            </summary>
            <param name="name">Name of the method</param>
            <param name="bindingFlags">Masque de bits composé d'un ou de plusieurs <see cref="T:System.Reflection.BindingFlags"/> qui spécifient la façon dont la recherche est effectuée.</param>
            <param name="args">Arguments à passer au membre à appeler.</param>
            <param name="culture">Informations sur la culture</param>
            <returns>Résultat de l'appel de méthode</returns>
        </member>
        <member name="M:Microsoft.VisualStudio.TestTools.UnitTesting.PrivateObject.Invoke(System.String,System.Reflection.BindingFlags,System.Type[],System.Object[],System.Globalization.CultureInfo)">
            <summary>
            Appelle la méthode spécifiée
            </summary>
            <param name="name">Name of the method</param>
            <param name="bindingFlags">Masque de bits composé d'un ou de plusieurs <see cref="T:System.Reflection.BindingFlags"/> qui spécifient la façon dont la recherche est effectuée.</param>
            <param name="parameterTypes">Tableau qui contient des <see cref="T:System.Type"/> objets représentant le nombre, l'ordre et le type des paramètres de la méthode à obtenir.</param>
            <param name="args">Arguments à passer au membre à appeler.</param>
            <param name="culture">Informations sur la culture</param>
            <returns>Résultat de l'appel de méthode</returns>
        </member>
        <member name="M:Microsoft.VisualStudio.TestTools.UnitTesting.PrivateObject.Invoke(System.String,System.Reflection.BindingFlags,System.Type[],System.Object[],System.Globalization.CultureInfo,System.Type[])">
            <summary>
            Appelle la méthode spécifiée
            </summary>
            <param name="name">Nom de la méthode</param>
            <param name="bindingFlags">Masque de bits composé d'un ou de plusieurs <see cref="T:System.Reflection.BindingFlags"/> qui spécifient la façon dont la recherche est effectuée.</param>
            <param name="parameterTypes">Tableau qui contient des <see cref="T:System.Type"/> objets représentant le nombre, l'ordre et le type des paramètres de la méthode à obtenir.</param>
            <param name="args">Arguments à passer au membre à appeler.</param>
            <param name="culture">Informations sur la culture</param>
            <param name="typeArguments">Tableau de types correspondant aux types des arguments génériques.</param>
            <returns>Résultat de l'appel de méthode</returns>
        </member>
        <member name="M:Microsoft.VisualStudio.TestTools.UnitTesting.PrivateObject.GetArrayElement(System.String,System.Int32[])">
            <summary>
            Gets the array element using array of subsrcipts for each dimension
            </summary>
            <param name="name">Name of the member</param>
            <param name="indices">les indices du tableau</param>
            <returns>An arrya of elements.</returns>
        </member>
        <member name="M:Microsoft.VisualStudio.TestTools.UnitTesting.PrivateObject.SetArrayElement(System.String,System.Object,System.Int32[])">
            <summary>
            Sets the array element using array of subsrcipts for each dimension
            </summary>
            <param name="name">Name of the member</param>
            <param name="value">Valeur à définir</param>
            <param name="indices">les indices du tableau</param>
        </member>
        <member name="M:Microsoft.VisualStudio.TestTools.UnitTesting.PrivateObject.GetArrayElement(System.String,System.Reflection.BindingFlags,System.Int32[])">
            <summary>
            Gets the array element using array of subsrcipts for each dimension
            </summary>
            <param name="name">Name of the member</param>
            <param name="bindingFlags">Masque de bits composé d'un ou de plusieurs <see cref="T:System.Reflection.BindingFlags"/> qui spécifient la façon dont la recherche est effectuée.</param>
            <param name="indices">les indices du tableau</param>
            <returns>An arrya of elements.</returns>
        </member>
        <member name="M:Microsoft.VisualStudio.TestTools.UnitTesting.PrivateObject.SetArrayElement(System.String,System.Reflection.BindingFlags,System.Object,System.Int32[])">
            <summary>
            Sets the array element using array of subsrcipts for each dimension
            </summary>
            <param name="name">Name of the member</param>
            <param name="bindingFlags">Masque de bits composé d'un ou de plusieurs <see cref="T:System.Reflection.BindingFlags"/> qui spécifient la façon dont la recherche est effectuée.</param>
            <param name="value">Valeur à définir</param>
            <param name="indices">les indices du tableau</param>
        </member>
        <member name="M:Microsoft.VisualStudio.TestTools.UnitTesting.PrivateObject.GetField(System.String)">
            <summary>
            Obtient le champ
            </summary>
            <param name="name">Name of the field</param>
            <returns>The field.</returns>
        </member>
        <member name="M:Microsoft.VisualStudio.TestTools.UnitTesting.PrivateObject.SetField(System.String,System.Object)">
            <summary>
            Définit le champ
            </summary>
            <param name="name">Name of the field</param>
            <param name="value">valeur à définir</param>
        </member>
        <member name="M:Microsoft.VisualStudio.TestTools.UnitTesting.PrivateObject.GetField(System.String,System.Reflection.BindingFlags)">
            <summary>
            Obtient le champ
            </summary>
            <param name="name">Name of the field</param>
            <param name="bindingFlags">Masque de bits composé d'un ou de plusieurs <see cref="T:System.Reflection.BindingFlags"/> qui spécifient la façon dont la recherche est effectuée.</param>
            <returns>The field.</returns>
        </member>
        <member name="M:Microsoft.VisualStudio.TestTools.UnitTesting.PrivateObject.SetField(System.String,System.Reflection.BindingFlags,System.Object)">
            <summary>
            Définit le champ
            </summary>
            <param name="name">Name of the field</param>
            <param name="bindingFlags">Masque de bits composé d'un ou de plusieurs <see cref="T:System.Reflection.BindingFlags"/> qui spécifient la façon dont la recherche est effectuée.</param>
            <param name="value">valeur à définir</param>
        </member>
        <member name="M:Microsoft.VisualStudio.TestTools.UnitTesting.PrivateObject.GetFieldOrProperty(System.String)">
            <summary>
            Obtient le champ ou la propriété
            </summary>
            <param name="name">Nom du champ ou de la propriété</param>
            <returns>The field or property.</returns>
        </member>
        <member name="M:Microsoft.VisualStudio.TestTools.UnitTesting.PrivateObject.SetFieldOrProperty(System.String,System.Object)">
            <summary>
            Définit le champ ou la propriété
            </summary>
            <param name="name">Nom du champ ou de la propriété</param>
            <param name="value">valeur à définir</param>
        </member>
        <member name="M:Microsoft.VisualStudio.TestTools.UnitTesting.PrivateObject.GetFieldOrProperty(System.String,System.Reflection.BindingFlags)">
            <summary>
            Obtient le champ ou la propriété
            </summary>
            <param name="name">Nom du champ ou de la propriété</param>
            <param name="bindingFlags">Masque de bits composé d'un ou de plusieurs <see cref="T:System.Reflection.BindingFlags"/> qui spécifient la façon dont la recherche est effectuée.</param>
            <returns>The field or property.</returns>
        </member>
        <member name="M:Microsoft.VisualStudio.TestTools.UnitTesting.PrivateObject.SetFieldOrProperty(System.String,System.Reflection.BindingFlags,System.Object)">
            <summary>
            Définit le champ ou la propriété
            </summary>
            <param name="name">Nom du champ ou de la propriété</param>
            <param name="bindingFlags">Masque de bits composé d'un ou de plusieurs <see cref="T:System.Reflection.BindingFlags"/> qui spécifient la façon dont la recherche est effectuée.</param>
            <param name="value">valeur à définir</param>
        </member>
        <member name="M:Microsoft.VisualStudio.TestTools.UnitTesting.PrivateObject.GetProperty(System.String,System.Object[])">
            <summary>
            Obtient la propriété
            </summary>
            <param name="name">Nom de la propriété</param>
            <param name="args">Arguments à passer au membre à appeler.</param>
            <returns>The property.</returns>
        </member>
        <member name="M:Microsoft.VisualStudio.TestTools.UnitTesting.PrivateObject.GetProperty(System.String,System.Type[],System.Object[])">
            <summary>
            Obtient la propriété
            </summary>
            <param name="name">Nom de la propriété</param>
            <param name="parameterTypes">Tableau qui contient des <see cref="T:System.Type"/> objets représentant le nombre, l'ordre et le type des paramètres de la propriété indexée.</param>
            <param name="args">Arguments à passer au membre à appeler.</param>
            <returns>The property.</returns>
        </member>
        <member name="M:Microsoft.VisualStudio.TestTools.UnitTesting.PrivateObject.SetProperty(System.String,System.Object,System.Object[])">
            <summary>
            Définit la propriété
            </summary>
            <param name="name">Nom de la propriété</param>
            <param name="value">valeur à définir</param>
            <param name="args">Arguments à passer au membre à appeler.</param>
        </member>
        <member name="M:Microsoft.VisualStudio.TestTools.UnitTesting.PrivateObject.SetProperty(System.String,System.Type[],System.Object,System.Object[])">
            <summary>
            Définit la propriété
            </summary>
            <param name="name">Nom de la propriété</param>
            <param name="parameterTypes">Tableau qui contient des <see cref="T:System.Type"/> objets représentant le nombre, l'ordre et le type des paramètres de la propriété indexée.</param>
            <param name="value">valeur à définir</param>
            <param name="args">Arguments à passer au membre à appeler.</param>
        </member>
        <member name="M:Microsoft.VisualStudio.TestTools.UnitTesting.PrivateObject.GetProperty(System.String,System.Reflection.BindingFlags,System.Object[])">
            <summary>
            Obtient la propriété
            </summary>
            <param name="name">Name of the property</param>
            <param name="bindingFlags">Masque de bits composé d'un ou de plusieurs <see cref="T:System.Reflection.BindingFlags"/> qui spécifient la façon dont la recherche est effectuée.</param>
            <param name="args">Arguments à passer au membre à appeler.</param>
            <returns>The property.</returns>
        </member>
        <member name="M:Microsoft.VisualStudio.TestTools.UnitTesting.PrivateObject.GetProperty(System.String,System.Reflection.BindingFlags,System.Type[],System.Object[])">
            <summary>
            Obtient la propriété
            </summary>
            <param name="name">Name of the property</param>
            <param name="bindingFlags">Masque de bits composé d'un ou de plusieurs <see cref="T:System.Reflection.BindingFlags"/> qui spécifient la façon dont la recherche est effectuée.</param>
            <param name="parameterTypes">Tableau qui contient des <see cref="T:System.Type"/> objets représentant le nombre, l'ordre et le type des paramètres de la propriété indexée.</param>
            <param name="args">Arguments à passer au membre à appeler.</param>
            <returns>The property.</returns>
        </member>
        <member name="M:Microsoft.VisualStudio.TestTools.UnitTesting.PrivateObject.SetProperty(System.String,System.Reflection.BindingFlags,System.Object,System.Object[])">
            <summary>
            Définit la propriété
            </summary>
            <param name="name">Nom de la propriété</param>
            <param name="bindingFlags">Masque de bits composé d'un ou de plusieurs <see cref="T:System.Reflection.BindingFlags"/> qui spécifient la façon dont la recherche est effectuée.</param>
            <param name="value">valeur à définir</param>
            <param name="args">Arguments à passer au membre à appeler.</param>
        </member>
        <member name="M:Microsoft.VisualStudio.TestTools.UnitTesting.PrivateObject.SetProperty(System.String,System.Reflection.BindingFlags,System.Object,System.Type[],System.Object[])">
            <summary>
            Définit la propriété
            </summary>
            <param name="name">Nom de la propriété</param>
            <param name="bindingFlags">Masque de bits composé d'un ou de plusieurs <see cref="T:System.Reflection.BindingFlags"/> qui spécifient la façon dont la recherche est effectuée.</param>
            <param name="value">valeur à définir</param>
            <param name="parameterTypes">Tableau qui contient des <see cref="T:System.Type"/> objets représentant le nombre, l'ordre et le type des paramètres de la propriété indexée.</param>
            <param name="args">Arguments à passer au membre à appeler.</param>
        </member>
        <member name="M:Microsoft.VisualStudio.TestTools.UnitTesting.PrivateObject.ValidateAccessString(System.String)">
            <summary>
            Valide la chaîne d'accès
            </summary>
            <param name="access"> chaîne d'accès</param>
        </member>
        <member name="M:Microsoft.VisualStudio.TestTools.UnitTesting.PrivateObject.InvokeHelper(System.String,System.Reflection.BindingFlags,System.Object[],System.Globalization.CultureInfo)">
            <summary>
            Appelle le membre
            </summary>
            <param name="name">Name of the member</param>
            <param name="bindingFlags">Attributs supplémentaires</param>
            <param name="args">Arguments de l'appel</param>
            <param name="culture">Culture</param>
            <returns>Résultat de l'appel</returns>
        </member>
        <member name="M:Microsoft.VisualStudio.TestTools.UnitTesting.PrivateObject.GetGenericMethodFromCache(System.String,System.Type[],System.Type[],System.Reflection.BindingFlags,System.Reflection.ParameterModifier[])">
            <summary>
            Extrait la signature de méthode générique la plus appropriée à partir du type privé actuel.
            </summary>
            <param name="methodName">Nom de la méthode dans laquelle rechercher le cache de signatures.</param>
            <param name="parameterTypes">Tableau de types correspondant aux types des paramètres où effectuer la recherche.</param>
            <param name="typeArguments">Tableau de types correspondant aux types des arguments génériques.</param>
            <param name="bindingFlags"><see cref="T:System.Reflection.BindingFlags"/> pour filtrer plus précisément les signatures de méthode.</param>
            <param name="modifiers">Modifiers for parameters.</param>
            <returns>A methodinfo instance.</returns>
        </member>
        <member name="T:Microsoft.VisualStudio.TestTools.UnitTesting.PrivateType">
            <summary>
            This class represents a private class for the Private Accessor functionality.
            </summary>
        </member>
        <member name="F:Microsoft.VisualStudio.TestTools.UnitTesting.PrivateType.BindToEveryThing">
            <summary>
            Se lie à tout
            </summary>
        </member>
        <member name="F:Microsoft.VisualStudio.TestTools.UnitTesting.PrivateType.type">
            <summary>
            The wrapped type.
            </summary>
        </member>
        <member name="M:Microsoft.VisualStudio.TestTools.UnitTesting.PrivateType.#ctor(System.String,System.String)">
            <summary>
            Initializes a new instance of the <see cref="T:Microsoft.VisualStudio.TestTools.UnitTesting.PrivateType"/> class that contains the private type.
            </summary>
            <param name="assemblyName">Nom de l'assembly</param>
            <param name="typeName">nom complet de </param>
        </member>
        <member name="M:Microsoft.VisualStudio.TestTools.UnitTesting.PrivateType.#ctor(System.Type)">
            <summary>
            Initializes a new instance of the <see cref="T:Microsoft.VisualStudio.TestTools.UnitTesting.PrivateType"/> class that contains
            the private type from the type object
            </summary>
            <param name="type">Type inclus dans un wrapper à créer.</param>
        </member>
        <member name="P:Microsoft.VisualStudio.TestTools.UnitTesting.PrivateType.ReferencedType">
            <summary>
            Obtient le type référencé
            </summary>
        </member>
        <member name="M:Microsoft.VisualStudio.TestTools.UnitTesting.PrivateType.InvokeStatic(System.String,System.Object[])">
            <summary>
            Appelle un membre statique
            </summary>
            <param name="name">Nom du membre InvokeHelper</param>
            <param name="args">Arguments de l'appel</param>
            <returns>Résultat de l'appel</returns>
        </member>
        <member name="M:Microsoft.VisualStudio.TestTools.UnitTesting.PrivateType.InvokeStatic(System.String,System.Type[],System.Object[])">
            <summary>
            Appelle un membre statique
            </summary>
            <param name="name">Nom du membre InvokeHelper</param>
            <param name="parameterTypes">Tableau qui contient des <see cref="T:System.Type"/> objets représentant le nombre, l'ordre et le type des paramètres de la méthode à appeler</param>
            <param name="args">Arguments de l'appel</param>
            <returns>Résultat de l'appel</returns>
        </member>
        <member name="M:Microsoft.VisualStudio.TestTools.UnitTesting.PrivateType.InvokeStatic(System.String,System.Type[],System.Object[],System.Type[])">
            <summary>
            Appelle un membre statique
            </summary>
            <param name="name">Nom du membre InvokeHelper</param>
            <param name="parameterTypes">Tableau qui contient des <see cref="T:System.Type"/> objets représentant le nombre, l'ordre et le type des paramètres de la méthode à appeler</param>
            <param name="args">Arguments de l'appel</param>
            <param name="typeArguments">Tableau de types correspondant aux types des arguments génériques.</param>
            <returns>Résultat de l'appel</returns>
        </member>
        <member name="M:Microsoft.VisualStudio.TestTools.UnitTesting.PrivateType.InvokeStatic(System.String,System.Object[],System.Globalization.CultureInfo)">
            <summary>
            Appelle la méthode statique
            </summary>
            <param name="name">Name of the member</param>
            <param name="args">Arguments de l'appel</param>
            <param name="culture">Culture</param>
            <returns>Résultat de l'appel</returns>
        </member>
        <member name="M:Microsoft.VisualStudio.TestTools.UnitTesting.PrivateType.InvokeStatic(System.String,System.Type[],System.Object[],System.Globalization.CultureInfo)">
            <summary>
            Appelle la méthode statique
            </summary>
            <param name="name">Name of the member</param>
            <param name="parameterTypes">Tableau qui contient des <see cref="T:System.Type"/> objets représentant le nombre, l'ordre et le type des paramètres de la méthode à appeler</param>
            <param name="args">Arguments de l'appel</param>
            <param name="culture">Informations sur la culture</param>
            <returns>Résultat de l'appel</returns>
        </member>
        <member name="M:Microsoft.VisualStudio.TestTools.UnitTesting.PrivateType.InvokeStatic(System.String,System.Reflection.BindingFlags,System.Object[])">
            <summary>
            Appelle la méthode statique
            </summary>
            <param name="name">Name of the member</param>
            <param name="bindingFlags">Attributs d'appel supplémentaires</param>
            <param name="args">Arguments de l'appel</param>
            <returns>Résultat de l'appel</returns>
        </member>
        <member name="M:Microsoft.VisualStudio.TestTools.UnitTesting.PrivateType.InvokeStatic(System.String,System.Reflection.BindingFlags,System.Type[],System.Object[])">
            <summary>
            Appelle la méthode statique
            </summary>
            <param name="name">Name of the member</param>
            <param name="bindingFlags">Attributs d'appel supplémentaires</param>
            <param name="parameterTypes">Tableau qui contient des <see cref="T:System.Type"/> objets représentant le nombre, l'ordre et le type des paramètres de la méthode à appeler</param>
            <param name="args">Arguments de l'appel</param>
            <returns>Résultat de l'appel</returns>
        </member>
        <member name="M:Microsoft.VisualStudio.TestTools.UnitTesting.PrivateType.InvokeStatic(System.String,System.Reflection.BindingFlags,System.Object[],System.Globalization.CultureInfo)">
            <summary>
            Appelle la méthode statique
            </summary>
            <param name="name">Nom du membre</param>
            <param name="bindingFlags">Attributs d'appel supplémentaires</param>
            <param name="args">Arguments de l'appel</param>
            <param name="culture">Culture</param>
            <returns>Résultat de l'appel</returns>
        </member>
        <member name="M:Microsoft.VisualStudio.TestTools.UnitTesting.PrivateType.InvokeStatic(System.String,System.Reflection.BindingFlags,System.Type[],System.Object[],System.Globalization.CultureInfo)">
            <summary>
            Appelle la méthode statique
            </summary>
            <param name="name">Nom du membre</param>
            <param name="bindingFlags">Attributs d'appel supplémentaires</param>
            /// <param name="parameterTypes">Tableau qui contient des <see cref="T:System.Type"/> objets représentant le nombre, l'ordre et le type des paramètres de la méthode à appeler</param>
            <param name="args">Arguments de l'appel</param>
            <param name="culture">Culture</param>
            <returns>Résultat de l'appel</returns>
        </member>
        <member name="M:Microsoft.VisualStudio.TestTools.UnitTesting.PrivateType.InvokeStatic(System.String,System.Reflection.BindingFlags,System.Type[],System.Object[],System.Globalization.CultureInfo,System.Type[])">
            <summary>
            Appelle la méthode statique
            </summary>
            <param name="name">Nom du membre</param>
            <param name="bindingFlags">Attributs d'appel supplémentaires</param>
            /// <param name="parameterTypes">Tableau qui contient des <see cref="T:System.Type"/> objets représentant le nombre, l'ordre et le type des paramètres de la méthode à appeler</param>
            <param name="args">Arguments de l'appel</param>
            <param name="culture">Culture</param>
            <param name="typeArguments">Tableau de types correspondant aux types des arguments génériques.</param>
            <returns>Résultat de l'appel</returns>
        </member>
        <member name="M:Microsoft.VisualStudio.TestTools.UnitTesting.PrivateType.GetStaticArrayElement(System.String,System.Int32[])">
            <summary>
            Obtient l'élément dans le tableau statique
            </summary>
            <param name="name">Name of the array</param>
            <param name="indices">
            Tableau unidimensionnel d'entiers 32 bits qui représentent les index spécifiant
            la position de l'élément à obtenir. Par exemple, pour accéder à a[10][11], les indices sont {10,11}
            </param>
            <returns>élément à l'emplacement spécifié</returns>
        </member>
        <member name="M:Microsoft.VisualStudio.TestTools.UnitTesting.PrivateType.SetStaticArrayElement(System.String,System.Object,System.Int32[])">
            <summary>
            Définit le membre du tableau statique
            </summary>
            <param name="name">Name of the array</param>
            <param name="value">valeur à définir</param>
            <param name="indices">
            Tableau unidimensionnel d'entiers 32 bits qui représentent les index spécifiant
            la position de l'élément à définir. Par exemple, pour accéder à a[10][11], le tableau est {10,11}
            </param>
        </member>
        <member name="M:Microsoft.VisualStudio.TestTools.UnitTesting.PrivateType.GetStaticArrayElement(System.String,System.Reflection.BindingFlags,System.Int32[])">
            <summary>
            Gets the element in satatic array
            </summary>
            <param name="name">Name of the array</param>
            <param name="bindingFlags">Attributs InvokeHelper supplémentaires</param>
            <param name="indices">
            Tableau unidimensionnel d'entiers 32 bits qui représentent les index spécifiant
            la position de l'élément à obtenir. Par exemple, pour accéder à a[10][11], le tableau est {10,11}
            </param>
            <returns>élément à l'emplacement spécifié</returns>
        </member>
        <member name="M:Microsoft.VisualStudio.TestTools.UnitTesting.PrivateType.SetStaticArrayElement(System.String,System.Reflection.BindingFlags,System.Object,System.Int32[])">
            <summary>
            Définit le membre du tableau statique
            </summary>
            <param name="name">Name of the array</param>
            <param name="bindingFlags">Attributs InvokeHelper supplémentaires</param>
            <param name="value">valeur à définir</param>
            <param name="indices">
            Tableau unidimensionnel d'entiers 32 bits qui représentent les index spécifiant
            la position de l'élément à définir. Par exemple, pour accéder à a[10][11], le tableau est {10,11}
            </param>
        </member>
        <member name="M:Microsoft.VisualStudio.TestTools.UnitTesting.PrivateType.GetStaticField(System.String)">
            <summary>
            Obtient le champ static
            </summary>
            <param name="name">Nom du champ</param>
            <returns>The static field.</returns>
        </member>
        <member name="M:Microsoft.VisualStudio.TestTools.UnitTesting.PrivateType.SetStaticField(System.String,System.Object)">
            <summary>
            Définit le champ static
            </summary>
            <param name="name">Nom du champ</param>
            <param name="value">Argument de l'appel</param>
        </member>
        <member name="M:Microsoft.VisualStudio.TestTools.UnitTesting.PrivateType.GetStaticField(System.String,System.Reflection.BindingFlags)">
            <summary>
            Obtient le champ static à l'aide des attributs InvokeHelper spécifiés
            </summary>
            <param name="name">Nom du champ</param>
            <param name="bindingFlags">Attributs d'appel supplémentaires</param>
            <returns>The static field.</returns>
        </member>
        <member name="M:Microsoft.VisualStudio.TestTools.UnitTesting.PrivateType.SetStaticField(System.String,System.Reflection.BindingFlags,System.Object)">
            <summary>
            Définit le champ static à l'aide des attributs de liaison
            </summary>
            <param name="name">Nom du champ</param>
            <param name="bindingFlags">Attributs InvokeHelper supplémentaires</param>
            <param name="value">Argument de l'appel</param>
        </member>
        <member name="M:Microsoft.VisualStudio.TestTools.UnitTesting.PrivateType.GetStaticFieldOrProperty(System.String)">
            <summary>
            Obtient le champ ou la propriété statique
            </summary>
            <param name="name">Nom du champ ou de la propriété</param>
            <returns>The static field or property.</returns>
        </member>
        <member name="M:Microsoft.VisualStudio.TestTools.UnitTesting.PrivateType.SetStaticFieldOrProperty(System.String,System.Object)">
            <summary>
            Définit le champ ou la propriété statique
            </summary>
            <param name="name">Nom du champ ou de la propriété</param>
            <param name="value">Valeur à affecter au champ ou à la propriété</param>
        </member>
        <member name="M:Microsoft.VisualStudio.TestTools.UnitTesting.PrivateType.GetStaticFieldOrProperty(System.String,System.Reflection.BindingFlags)">
            <summary>
            Obtient le champ ou la propriété statique à l'aide des attributs InvokeHelper spécifiés
            </summary>
            <param name="name">Nom du champ ou de la propriété</param>
            <param name="bindingFlags">Attributs d'appel supplémentaires</param>
            <returns>The static field or property.</returns>
        </member>
        <member name="M:Microsoft.VisualStudio.TestTools.UnitTesting.PrivateType.SetStaticFieldOrProperty(System.String,System.Reflection.BindingFlags,System.Object)">
            <summary>
            Définit le champ ou la propriété statique à l'aide des attributs de liaison
            </summary>
            <param name="name">Nom du champ ou de la propriété</param>
            <param name="bindingFlags">Attributs d'appel supplémentaires</param>
            <param name="value">Valeur à affecter au champ ou à la propriété</param>
        </member>
        <member name="M:Microsoft.VisualStudio.TestTools.UnitTesting.PrivateType.GetStaticProperty(System.String,System.Object[])">
            <summary>
            Obtient la propriété statique
            </summary>
            <param name="name">Nom du champ ou de la propriété</param>
            <param name="args">Arguments de l'appel</param>
            <returns>The static property.</returns>
        </member>
        <member name="M:Microsoft.VisualStudio.TestTools.UnitTesting.PrivateType.SetStaticProperty(System.String,System.Object,System.Object[])">
            <summary>
            Définit la propriété statique
            </summary>
            <param name="name">Nom de la propriété</param>
            <param name="value">Valeur à affecter au champ ou à la propriété</param>
            <param name="args">Arguments à passer au membre à appeler.</param>
        </member>
        <member name="M:Microsoft.VisualStudio.TestTools.UnitTesting.PrivateType.SetStaticProperty(System.String,System.Object,System.Type[],System.Object[])">
            <summary>
            Définit la propriété statique
            </summary>
            <param name="name">Nom de la propriété</param>
            <param name="value">Valeur à affecter au champ ou à la propriété</param>
            <param name="parameterTypes">Tableau qui contient des <see cref="T:System.Type"/> objets représentant le nombre, l'ordre et le type des paramètres de la propriété indexée.</param>
            <param name="args">Arguments à passer au membre à appeler.</param>
        </member>
        <member name="M:Microsoft.VisualStudio.TestTools.UnitTesting.PrivateType.GetStaticProperty(System.String,System.Reflection.BindingFlags,System.Object[])">
            <summary>
            Obtient la propriété statique
            </summary>
            <param name="name">Nom de la propriété</param>
            <param name="bindingFlags">Attributs d'appel supplémentaires.</param>
            <param name="args">Arguments à passer au membre à appeler.</param>
            <returns>The static property.</returns>
        </member>
        <member name="M:Microsoft.VisualStudio.TestTools.UnitTesting.PrivateType.GetStaticProperty(System.String,System.Reflection.BindingFlags,System.Type[],System.Object[])">
            <summary>
            Obtient la propriété statique
            </summary>
            <param name="name">Nom de la propriété</param>
            <param name="bindingFlags">Attributs d'appel supplémentaires.</param>
            <param name="parameterTypes">Tableau qui contient des <see cref="T:System.Type"/> objets représentant le nombre, l'ordre et le type des paramètres de la propriété indexée.</param>
            <param name="args">Arguments à passer au membre à appeler.</param>
            <returns>The static property.</returns>
        </member>
        <member name="M:Microsoft.VisualStudio.TestTools.UnitTesting.PrivateType.SetStaticProperty(System.String,System.Reflection.BindingFlags,System.Object,System.Object[])">
            <summary>
            Définit la propriété statique
            </summary>
            <param name="name">Nom de la propriété</param>
            <param name="bindingFlags">Attributs d'appel supplémentaires.</param>
            <param name="value">Valeur à affecter au champ ou à la propriété</param>
            <param name="args">Valeurs d'index facultatives pour les propriétés indexées. Les index des propriétés indexées sont de base zéro. Cette valeur doit être null pour les propriétés non indexées. </param>
        </member>
        <member name="M:Microsoft.VisualStudio.TestTools.UnitTesting.PrivateType.SetStaticProperty(System.String,System.Reflection.BindingFlags,System.Object,System.Type[],System.Object[])">
            <summary>
            Définit la propriété statique
            </summary>
            <param name="name">Nom de la propriété</param>
            <param name="bindingFlags">Attributs d'appel supplémentaires.</param>
            <param name="value">Valeur à affecter au champ ou à la propriété</param>
            <param name="parameterTypes">Tableau qui contient des <see cref="T:System.Type"/> objets représentant le nombre, l'ordre et le type des paramètres de la propriété indexée.</param>
            <param name="args">Arguments à passer au membre à appeler.</param>
        </member>
        <member name="M:Microsoft.VisualStudio.TestTools.UnitTesting.PrivateType.InvokeHelperStatic(System.String,System.Reflection.BindingFlags,System.Object[],System.Globalization.CultureInfo)">
            <summary>
            Appelle la méthode statique
            </summary>
            <param name="name">Nom du membre</param>
            <param name="bindingFlags">Attributs d'appel supplémentaires</param>
            <param name="args">Arguments de l'appel</param>
            <param name="culture">Culture</param>
            <returns>Résultat de l'appel</returns>
        </member>
        <member name="T:Microsoft.VisualStudio.TestTools.UnitTesting.RuntimeTypeHelper">
            <summary>
            Fournit la découverte de signatures de méthodes pour les méthodes génériques.
            </summary>
        </member>
        <member name="M:Microsoft.VisualStudio.TestTools.UnitTesting.RuntimeTypeHelper.CompareMethodSigAndName(System.Reflection.MethodBase,System.Reflection.MethodBase)">
            <summary>
            Compares the method signatures of these two methods.
            </summary>
            <param name="m1">Method1</param>
            <param name="m2">Method2</param>
            <returns>True if they are similiar.</returns>
        </member>
        <member name="M:Microsoft.VisualStudio.TestTools.UnitTesting.RuntimeTypeHelper.GetHierarchyDepth(System.Type)">
            <summary>
            Gets the hierarchy depty from the base type of the provided type.
            </summary>
            <param name="t">The type.</param>
            <returns>The depth.</returns>
        </member>
        <member name="M:Microsoft.VisualStudio.TestTools.UnitTesting.RuntimeTypeHelper.FindMostDerivedNewSlotMeth(System.Reflection.MethodBase[],System.Int32)">
            <summary>
            Finds most dervied type with the provided information.
            </summary>
            <param name="match">Candidate matches.</param>
            <param name="cMatches">Number of matches.</param>
            <returns>The most derived method.</returns>
        </member>
        <member name="M:Microsoft.VisualStudio.TestTools.UnitTesting.RuntimeTypeHelper.SelectMethod(System.Reflection.BindingFlags,System.Reflection.MethodBase[],System.Type[],System.Reflection.ParameterModifier[])">
            <summary>
            À partir d'un ensemble de méthodes qui correspondent aux critères de base, sélectionnez une méthode
            reposant sur un tableau de types. Cette méthode doit retourner une valeur null, si aucune méthode ne correspond
            aux critères.
            </summary>
            <param name="bindingAttr">Binding specification.</param>
            <param name="match">Candidate matches</param>
            <param name="types">Types</param>
            <param name="modifiers">Parameter modifiers.</param>
            <returns>Matching method. Null if none matches.</returns>
        </member>
        <member name="M:Microsoft.VisualStudio.TestTools.UnitTesting.RuntimeTypeHelper.FindMostSpecificMethod(System.Reflection.MethodBase,System.Int32[],System.Type,System.Reflection.MethodBase,System.Int32[],System.Type,System.Type[],System.Object[])">
            <summary>
            Finds the most specific method in the two methods provided.
            </summary>
            <param name="m1">Method 1</param>
            <param name="paramOrder1">Parameter order for Method 1</param>
            <param name="paramArrayType1">Paramter array type.</param>
            <param name="m2">Method 2</param>
            <param name="paramOrder2">Parameter order for Method 2</param>
            <param name="paramArrayType2">&gt;Paramter array type.</param>
            <param name="types">Types to search in.</param>
            <param name="args">Args.</param>
            <returns>An int representing the match.</returns>
        </member>
        <member name="M:Microsoft.VisualStudio.TestTools.UnitTesting.RuntimeTypeHelper.FindMostSpecific(System.Reflection.ParameterInfo[],System.Int32[],System.Type,System.Reflection.ParameterInfo[],System.Int32[],System.Type,System.Type[],System.Object[])">
            <summary>
            Finds the most specific method in the two methods provided.
            </summary>
            <param name="p1">Method 1</param>
            <param name="paramOrder1">Parameter order for Method 1</param>
            <param name="paramArrayType1">Paramter array type.</param>
            <param name="p2">Method 2</param>
            <param name="paramOrder2">Parameter order for Method 2</param>
            <param name="paramArrayType2">&gt;Paramter array type.</param>
            <param name="types">Types to search in.</param>
            <param name="args">Args.</param>
            <returns>An int representing the match.</returns>
        </member>
        <member name="M:Microsoft.VisualStudio.TestTools.UnitTesting.RuntimeTypeHelper.FindMostSpecificType(System.Type,System.Type,System.Type)">
            <summary>
            Finds the most specific type in the two provided.
            </summary>
            <param name="c1">Type 1</param>
            <param name="c2">Type 2</param>
            <param name="t">The defining type</param>
            <returns>An int representing the match.</returns>
        </member>
        <member name="T:Microsoft.VisualStudio.TestTools.UnitTesting.TestContext">
            <summary>
            Permet de stocker les informations fournies pour les tests unitaires.
            </summary>
        </member>
        <member name="P:Microsoft.VisualStudio.TestTools.UnitTesting.TestContext.Properties">
            <summary>
            Gets per test properties
            </summary>
        </member>
        <member name="P:Microsoft.VisualStudio.TestTools.UnitTesting.TestContext.DataRow">
            <summary>
            Gets the current data row when test is used for data driven testing.
            </summary>
        </member>
        <member name="P:Microsoft.VisualStudio.TestTools.UnitTesting.TestContext.DataConnection">
            <summary>
            Gets current data connection row when test is used for data driven testing.
            </summary>
        </member>
        <member name="P:Microsoft.VisualStudio.TestTools.UnitTesting.TestContext.TestRunDirectory">
            <summary>
            Gets base directory for the test run, under which deployed files and result files are stored.
            </summary>
        </member>
        <member name="P:Microsoft.VisualStudio.TestTools.UnitTesting.TestContext.DeploymentDirectory">
            <summary>
            Gets directory for files deployed for the test run. Typically a subdirectory of <see cref="P:Microsoft.VisualStudio.TestTools.UnitTesting.TestContext.TestRunDirectory"/>.
            </summary>
        </member>
        <member name="P:Microsoft.VisualStudio.TestTools.UnitTesting.TestContext.ResultsDirectory">
            <summary>
            Gets base directory for results from the test run. Typically a subdirectory of <see cref="P:Microsoft.VisualStudio.TestTools.UnitTesting.TestContext.TestRunDirectory"/>.
            </summary>
        </member>
        <member name="P:Microsoft.VisualStudio.TestTools.UnitTesting.TestContext.TestRunResultsDirectory">
            <summary>
            Gets directory for test run result files. Typically a subdirectory of <see cref="P:Microsoft.VisualStudio.TestTools.UnitTesting.TestContext.ResultsDirectory"/>.
            </summary>
        </member>
        <member name="P:Microsoft.VisualStudio.TestTools.UnitTesting.TestContext.TestResultsDirectory">
            <summary>
            Gets directory for test result files.
            </summary>
        </member>
        <member name="P:Microsoft.VisualStudio.TestTools.UnitTesting.TestContext.TestDir">
            <summary>
            Gets base directory for the test run, under which deployed files and result files are stored.
            Same as <see cref="P:Microsoft.VisualStudio.TestTools.UnitTesting.TestContext.TestRunDirectory"/>. Utilisez cette propriété à la place.
            </summary>
        </member>
        <member name="P:Microsoft.VisualStudio.TestTools.UnitTesting.TestContext.TestDeploymentDir">
            <summary>
            Gets directory for files deployed for the test run. Typically a subdirectory of <see cref="P:Microsoft.VisualStudio.TestTools.UnitTesting.TestContext.TestRunDirectory"/>.
            Same as <see cref="P:Microsoft.VisualStudio.TestTools.UnitTesting.TestContext.DeploymentDirectory"/>. Utilisez cette propriété à la place.
            </summary>
        </member>
        <member name="P:Microsoft.VisualStudio.TestTools.UnitTesting.TestContext.TestLogsDir">
            <summary>
            Gets directory for test run result files. Typically a subdirectory of <see cref="P:Microsoft.VisualStudio.TestTools.UnitTesting.TestContext.ResultsDirectory"/>.
            Same as <see cref="P:Microsoft.VisualStudio.TestTools.UnitTesting.TestContext.TestRunResultsDirectory"/>. Utilisez cette propriété pour les fichiers de résultats des séries de tests, ou
            <see cref="P:Microsoft.VisualStudio.TestTools.UnitTesting.TestContext.TestResultsDirectory"/> pour les fichiers de résultats des tests spécifiques, à la place.
            </summary>
        </member>
        <member name="P:Microsoft.VisualStudio.TestTools.UnitTesting.TestContext.FullyQualifiedTestClassName">
            <summary>
            Gets the Fully-qualified name of the class containing the test method currently being executed
            </summary>
        </member>
        <member name="P:Microsoft.VisualStudio.TestTools.UnitTesting.TestContext.TestName">
            <summary>
            Gets the name of the test method currently being executed
            </summary>
        </member>
        <member name="P:Microsoft.VisualStudio.TestTools.UnitTesting.TestContext.CurrentTestOutcome">
            <summary>
            Obtient le résultat de test actuel.
            </summary>
        </member>
        <member name="M:Microsoft.VisualStudio.TestTools.UnitTesting.TestContext.WriteLine(System.String)">
            <summary>
            Permet d'écrire des messages de suivi quand le test est en cours d'exécution
            </summary>
            <param name="message">chaîne de message mise en forme</param>
        </member>
        <member name="M:Microsoft.VisualStudio.TestTools.UnitTesting.TestContext.WriteLine(System.String,System.Object[])">
            <summary>
            Permet d'écrire des messages de suivi quand le test est en cours d'exécution
            </summary>
            <param name="format">chaîne de format</param>
            <param name="args">arguments</param>
        </member>
        <member name="M:Microsoft.VisualStudio.TestTools.UnitTesting.TestContext.AddResultFile(System.String)">
            <summary>
            Ajoute un nom de fichier à la liste dans TestResult.ResultFileNames
            </summary>
            <param name="fileName">
            Nom du fichier.
            </param>
        </member>
        <member name="M:Microsoft.VisualStudio.TestTools.UnitTesting.TestContext.BeginTimer(System.String)">
            <summary>
            Démarre un minuteur ayant le nom spécifié
            </summary>
            <param name="timerName"> Name of the timer.</param>
        </member>
        <member name="M:Microsoft.VisualStudio.TestTools.UnitTesting.TestContext.EndTimer(System.String)">
            <summary>
            Met fin à un minuteur ayant le nom spécifié
            </summary>
            <param name="timerName"> Name of the timer.</param>
        </member>
    </members>
</doc>
