<?xml version="1.0"?>
<doc>
    <assembly>
        <name>Microsoft.VisualStudio.TestPlatform.TestFramework.Extensions</name>
    </assembly>
    <members>
        <member name="T:Microsoft.VisualStudio.TestTools.UnitTesting.DeploymentItemAttribute">
            <summary>
            Used to specify deployment item (file or directory) for per-test deployment.
            Can be specified on test class or test method.
            Can have multiple instances of the attribute to specify more than one item.
            The item path can be absolute or relative, if relative, it is relative to RunConfig.RelativePathRoot.
            </summary>
            <example>
            [DeploymentItem("file1.xml")]
            [DeploymentItem("file2.xml", "DataFiles")]
            [DeploymentItem("bin\Debug")]
            </example>
        </member>
        <member name="M:Microsoft.VisualStudio.TestTools.UnitTesting.DeploymentItemAttribute.#ctor(System.String)">
            <summary>
            Initializes a new instance of the <see cref="T:Microsoft.VisualStudio.TestTools.UnitTesting.DeploymentItemAttribute"/> class.
            </summary>
            <param name="path">The file or directory to deploy. The path is relative to the build output directory. The item will be copied to the same directory as the deployed test assemblies.</param>
        </member>
        <member name="M:Microsoft.VisualStudio.TestTools.UnitTesting.DeploymentItemAttribute.#ctor(System.String,System.String)">
            <summary>
            Initializes a new instance of the <see cref="T:Microsoft.VisualStudio.TestTools.UnitTesting.DeploymentItemAttribute"/> class
            </summary>
            <param name="path">The relative or absolute path to the file or directory to deploy. The path is relative to the build output directory. The item will be copied to the same directory as the deployed test assemblies.</param>
            <param name="outputDirectory">The path of the directory to which the items are to be copied. It can be either absolute or relative to the deployment directory. All files and directories identified by <paramref name="path"/> will be copied to this directory.</param>
        </member>
        <member name="P:Microsoft.VisualStudio.TestTools.UnitTesting.DeploymentItemAttribute.Path">
            <summary>
            Gets the path of the source file or folder to be copied.
            </summary>
        </member>
        <member name="P:Microsoft.VisualStudio.TestTools.UnitTesting.DeploymentItemAttribute.OutputDirectory">
            <summary>
            Gets the path of the directory to which the item is copied.
            </summary>
        </member>
        <member name="T:Microsoft.VisualStudio.TestTools.UnitTesting.ConfigurationNames">
            <summary>
            Bölüm, özellik ve özniteliklerin adlarına ait değişmez değerler içerir.
            </summary>
        </member>
        <member name="F:Microsoft.VisualStudio.TestTools.UnitTesting.ConfigurationNames.SectionName">
            <summary>
            The configuration section name.
            </summary>
        </member>
        <member name="F:Microsoft.VisualStudio.TestTools.UnitTesting.ConfigurationNames.Beta2SectionName">
            <summary>
            The configuration section name for Beta2. Left around for compat.
            </summary>
        </member>
        <member name="F:Microsoft.VisualStudio.TestTools.UnitTesting.ConfigurationNames.DataSourcesSectionName">
            <summary>
            Section name for Data source.
            </summary>
        </member>
        <member name="F:Microsoft.VisualStudio.TestTools.UnitTesting.ConfigurationNames.NameAttributeName">
            <summary>
            Attribute name for 'Name'
            </summary>
        </member>
        <member name="F:Microsoft.VisualStudio.TestTools.UnitTesting.ConfigurationNames.ConnectionStringAttributeName">
            <summary>
            Attribute name for 'ConnectionString'
            </summary>
        </member>
        <member name="F:Microsoft.VisualStudio.TestTools.UnitTesting.ConfigurationNames.DataAccessMethodAttributeName">
            <summary>
            Attrbiute name for 'DataAccessMethod'
            </summary>
        </member>
        <member name="F:Microsoft.VisualStudio.TestTools.UnitTesting.ConfigurationNames.DataTableAttributeName">
            <summary>
            Attribute name for 'DataTable'
            </summary>
        </member>
        <member name="T:Microsoft.VisualStudio.TestTools.UnitTesting.DataSourceElement">
            <summary>
            Veri Kaynağı öğesi.
            </summary>
        </member>
        <member name="P:Microsoft.VisualStudio.TestTools.UnitTesting.DataSourceElement.Name">
            <summary>
            Gets or sets the name of this configuration.
            </summary>
        </member>
        <member name="P:Microsoft.VisualStudio.TestTools.UnitTesting.DataSourceElement.ConnectionString">
            <summary>
            Gets or sets the ConnectionStringSettings element in &lt;connectionStrings&gt; section in the .config file.
            </summary>
        </member>
        <member name="P:Microsoft.VisualStudio.TestTools.UnitTesting.DataSourceElement.DataTableName">
            <summary>
            Gets or sets the name of the data table.
            </summary>
        </member>
        <member name="P:Microsoft.VisualStudio.TestTools.UnitTesting.DataSourceElement.DataAccessMethod">
            <summary>
            Gets or sets the type of data access.
            </summary>
        </member>
        <member name="P:Microsoft.VisualStudio.TestTools.UnitTesting.DataSourceElement.Key">
            <summary>
            Gets the key name.
            </summary>
        </member>
        <member name="P:Microsoft.VisualStudio.TestTools.UnitTesting.DataSourceElement.Properties">
            <summary>
            Yapılandırma özelliklerini alır.
            </summary>
        </member>
        <member name="T:Microsoft.VisualStudio.TestTools.UnitTesting.DataSourceElementCollection">
            <summary>
            Veri kaynağı öğe koleksiyonu.
            </summary>
        </member>
        <member name="M:Microsoft.VisualStudio.TestTools.UnitTesting.DataSourceElementCollection.#ctor">
            <summary>
            Initializes a new instance of the <see cref="T:Microsoft.VisualStudio.TestTools.UnitTesting.DataSourceElementCollection"/> class.
            </summary>
        </member>
        <member name="P:Microsoft.VisualStudio.TestTools.UnitTesting.DataSourceElementCollection.Item(System.String)">
            <summary>
            Belirtilen anahtar ile yapılandırma öğesini döndürür.
            </summary>
            <param name="name">Döndürülecek öğenin anahtarı.</param>
            <returns>Belirtilen anahtar ile System.Configuration.ConfigurationElement; aksi takdirde, null.</returns>
        </member>
        <member name="P:Microsoft.VisualStudio.TestTools.UnitTesting.DataSourceElementCollection.Item(System.Int32)">
            <summary>
            Belirtilen dizin konumunda yapılandırma öğesini alır.
            </summary>
            <param name="index">Döndürülecek System.Configuration.ConfigurationElement öğesinin dizin konumu.</param>
        </member>
        <member name="M:Microsoft.VisualStudio.TestTools.UnitTesting.DataSourceElementCollection.Add(Microsoft.VisualStudio.TestTools.UnitTesting.DataSourceElement)">
            <summary>
            Yapılandırma öğesi koleksiyonuna bir yapılandırma öğesi ekler.
            </summary>
            <param name="element">Eklenecek System.Configuration.ConfigurationElement öğesi.</param>
        </member>
        <member name="M:Microsoft.VisualStudio.TestTools.UnitTesting.DataSourceElementCollection.Remove(Microsoft.VisualStudio.TestTools.UnitTesting.DataSourceElement)">
            <summary>
            Bir System.Configuration.ConfigurationElement öğesini koleksiyondan kaldırır.
            </summary>
            <param name="element"><see cref="T:Microsoft.VisualStudio.TestTools.UnitTesting.DataSourceElement"/> .</param>
        </member>
        <member name="M:Microsoft.VisualStudio.TestTools.UnitTesting.DataSourceElementCollection.Remove(System.String)">
            <summary>
            Bir System.Configuration.ConfigurationElement öğesini koleksiyondan kaldırır.
            </summary>
            <param name="name">Kaldırılacak System.Configuration.ConfigurationElement anahtarı.</param>
        </member>
        <member name="M:Microsoft.VisualStudio.TestTools.UnitTesting.DataSourceElementCollection.Clear">
            <summary>
            Tüm yapılandırma öğesi nesnelerini koleksiyondan kaldırır.
            </summary>
        </member>
        <member name="M:Microsoft.VisualStudio.TestTools.UnitTesting.DataSourceElementCollection.CreateNewElement">
            <summary>
            Yeni bir <see cref="T:Microsoft.VisualStudio.TestTools.UnitTesting.DataSourceElement"/>.
            </summary>
            <returns>Yeni bir <see cref="T:Microsoft.VisualStudio.TestTools.UnitTesting.DataSourceElement"/>.</returns>
        </member>
        <member name="M:Microsoft.VisualStudio.TestTools.UnitTesting.DataSourceElementCollection.GetElementKey(System.Configuration.ConfigurationElement)">
            <summary>
            Belirli bir yapılandırma öğesi için öğe anahtarını alır.
            </summary>
            <param name="element">Anahtarı döndürülecek System.Configuration.ConfigurationElement.</param>
            <returns>Belirtilen System.Configuration.ConfigurationElement için anahtar görevi gören bir System.Object.</returns>
        </member>
        <member name="M:Microsoft.VisualStudio.TestTools.UnitTesting.DataSourceElementCollection.BaseAdd(System.Configuration.ConfigurationElement)">
            <summary>
            Yapılandırma öğesi koleksiyonuna bir yapılandırma öğesi ekler.
            </summary>
            <param name="element">Eklenecek System.Configuration.ConfigurationElement öğesi.</param>
        </member>
        <member name="M:Microsoft.VisualStudio.TestTools.UnitTesting.DataSourceElementCollection.BaseAdd(System.Int32,System.Configuration.ConfigurationElement)">
            <summary>
            Yapılandırma öğesi koleksiyonuna bir yapılandırma öğesi ekler.
            </summary>
            <param name="index">Belirtilen System.Configuration.ConfigurationElement öğesinin ekleneceği dizin konumu.</param>
            <param name="element">Eklenecek System.Configuration.ConfigurationElement öğesi.</param>
        </member>
        <member name="T:Microsoft.VisualStudio.TestTools.UnitTesting.TestConfiguration">
            <summary>
            Testler için yapılandırma ayarları desteği.
            </summary>
        </member>
        <member name="P:Microsoft.VisualStudio.TestTools.UnitTesting.TestConfiguration.ConfigurationSection">
            <summary>
            Testler için yapılandırma bölümünü alır.
            </summary>
        </member>
        <member name="T:Microsoft.VisualStudio.TestTools.UnitTesting.TestConfigurationSection">
            <summary>
            Testler için yapılandırma bölümü.
            </summary>
        </member>
        <member name="P:Microsoft.VisualStudio.TestTools.UnitTesting.TestConfigurationSection.DataSources">
            <summary>
            Gets the data sources for this configuration section.
            </summary>
        </member>
        <member name="P:Microsoft.VisualStudio.TestTools.UnitTesting.TestConfigurationSection.Properties">
            <summary>
            Özellik koleksiyonunu alır.
            </summary>
            <returns>
            Bir <see cref="T:System.Configuration.ConfigurationPropertyCollection"/> koleksiyonu.
            </returns>
        </member>
        <member name="T:Microsoft.VisualStudio.TestTools.UnitTesting.PrivateObject">
            <summary>
            This class represents the live NON public INTERNAL object in the system
            </summary>
        </member>
        <member name="M:Microsoft.VisualStudio.TestTools.UnitTesting.PrivateObject.#ctor(System.Object,System.String)">
            <summary>
            Initializes a new instance of the <see cref="T:Microsoft.VisualStudio.TestTools.UnitTesting.PrivateObject"/> class that contains
            the already existing object of the private class
            </summary>
            <param name="obj"> özel üyelere ulaşmak için başlangıç noktası olarak hizmet veren nesne</param>
            <param name="memberToAccess">Alınacak nesneyi . ile gösteren, başvuru kaldırma dizesi. Örnek: m_X.m_Y.m_Z</param>
        </member>
        <member name="M:Microsoft.VisualStudio.TestTools.UnitTesting.PrivateObject.#ctor(System.String,System.String,System.Object[])">
            <summary>
            Initializes a new instance of the <see cref="T:Microsoft.VisualStudio.TestTools.UnitTesting.PrivateObject"/> class that wraps the
            specified type.
            </summary>
            <param name="assemblyName">Name of the assembly</param>
            <param name="typeName">tam adı</param>
            <param name="args">Oluşturucuya geçirilecek bağımsız değişken</param>
        </member>
        <member name="M:Microsoft.VisualStudio.TestTools.UnitTesting.PrivateObject.#ctor(System.String,System.String,System.Type[],System.Object[])">
            <summary>
            Initializes a new instance of the <see cref="T:Microsoft.VisualStudio.TestTools.UnitTesting.PrivateObject"/> class that wraps the
            specified type.
            </summary>
            <param name="assemblyName">Name of the assembly</param>
            <param name="typeName">tam adı</param>
            <param name="parameterTypes">Bir dizi <see cref="T:System.Type"/> alınacak oluşturucuya ait parametrelerin sayısını, sırasını ve türünü temsil eden nesneler</param>
            <param name="args">Oluşturucuya geçirilecek bağımsız değişken</param>
        </member>
        <member name="M:Microsoft.VisualStudio.TestTools.UnitTesting.PrivateObject.#ctor(System.Type,System.Object[])">
            <summary>
            Initializes a new instance of the <see cref="T:Microsoft.VisualStudio.TestTools.UnitTesting.PrivateObject"/> class that wraps the
            specified type.
            </summary>
            <param name="type">oluşturulacak nesnenin türü</param>
            <param name="args">Oluşturucuya geçirilecek bağımsız değişken</param>
        </member>
        <member name="M:Microsoft.VisualStudio.TestTools.UnitTesting.PrivateObject.#ctor(System.Type,System.Type[],System.Object[])">
            <summary>
            Initializes a new instance of the <see cref="T:Microsoft.VisualStudio.TestTools.UnitTesting.PrivateObject"/> class that wraps the
            specified type.
            </summary>
            <param name="type">oluşturulacak nesnenin türü</param>
            <param name="parameterTypes">Bir dizi <see cref="T:System.Type"/> alınacak oluşturucuya ait parametrelerin sayısını, sırasını ve türünü temsil eden nesneler</param>
            <param name="args">Oluşturucuya geçirilecek bağımsız değişken</param>
        </member>
        <member name="M:Microsoft.VisualStudio.TestTools.UnitTesting.PrivateObject.#ctor(System.Object)">
            <summary>
            Initializes a new instance of the <see cref="T:Microsoft.VisualStudio.TestTools.UnitTesting.PrivateObject"/> class that wraps
            the given object.
            </summary>
            <param name="obj">kaydırılacak nesne</param>
        </member>
        <member name="M:Microsoft.VisualStudio.TestTools.UnitTesting.PrivateObject.#ctor(System.Object,Microsoft.VisualStudio.TestTools.UnitTesting.PrivateType)">
            <summary>
            Initializes a new instance of the <see cref="T:Microsoft.VisualStudio.TestTools.UnitTesting.PrivateObject"/> class that wraps
            the given object.
            </summary>
            <param name="obj">kaydırılacak nesne</param>
            <param name="type">PrivateType nesnesi</param>
        </member>
        <member name="P:Microsoft.VisualStudio.TestTools.UnitTesting.PrivateObject.Target">
            <summary>
            Gets or sets the target
            </summary>
        </member>
        <member name="P:Microsoft.VisualStudio.TestTools.UnitTesting.PrivateObject.RealType">
            <summary>
            Gets the type of underlying object
            </summary>
        </member>
        <member name="M:Microsoft.VisualStudio.TestTools.UnitTesting.PrivateObject.GetHashCode">
            <summary>
            hedef nesnenin karma kodunu döndürür
            </summary>
            <returns>hedef nesnenin karma kodunu temsil eden tamsayı</returns>
        </member>
        <member name="M:Microsoft.VisualStudio.TestTools.UnitTesting.PrivateObject.Equals(System.Object)">
            <summary>
            Eşittir
            </summary>
            <param name="obj">Karşılaştırma yapılacak nesneler</param>
            <returns>returns true if the objects are equal.</returns>
        </member>
        <member name="M:Microsoft.VisualStudio.TestTools.UnitTesting.PrivateObject.Invoke(System.String,System.Object[])">
            <summary>
            Belirtilen yöntemi çağırır
            </summary>
            <param name="name">Name of the method</param>
            <param name="args">Çağrılacak üyeye geçirilecek bağımsız değişkenler.</param>
            <returns>Yöntem çağrısı sonucu</returns>
        </member>
        <member name="M:Microsoft.VisualStudio.TestTools.UnitTesting.PrivateObject.Invoke(System.String,System.Type[],System.Object[])">
            <summary>
            Belirtilen yöntemi çağırır
            </summary>
            <param name="name">Name of the method</param>
            <param name="parameterTypes">Bir dizi <see cref="T:System.Type"/> alınacak yönteme ait parametrelerin sayısını, sırasını ve türünü temsil eden nesneler.</param>
            <param name="args">Çağrılacak üyeye geçirilecek bağımsız değişkenler.</param>
            <returns>Yöntem çağrısı sonucu</returns>
        </member>
        <member name="M:Microsoft.VisualStudio.TestTools.UnitTesting.PrivateObject.Invoke(System.String,System.Type[],System.Object[],System.Type[])">
            <summary>
            Belirtilen yöntemi çağırır
            </summary>
            <param name="name">Name of the method</param>
            <param name="parameterTypes">Bir dizi <see cref="T:System.Type"/> alınacak yönteme ait parametrelerin sayısını, sırasını ve türünü temsil eden nesneler.</param>
            <param name="args">Çağrılacak üyeye geçirilecek bağımsız değişkenler.</param>
            <param name="typeArguments">Genel bağımsız değişkenlerin türlerine karşılık gelen bir tür dizisi.</param>
            <returns>Yöntem çağrısı sonucu</returns>
        </member>
        <member name="M:Microsoft.VisualStudio.TestTools.UnitTesting.PrivateObject.Invoke(System.String,System.Object[],System.Globalization.CultureInfo)">
            <summary>
            Belirtilen yöntemi çağırır
            </summary>
            <param name="name">Name of the method</param>
            <param name="args">Çağrılacak üyeye geçirilecek bağımsız değişkenler.</param>
            <param name="culture">Kültür bilgisi</param>
            <returns>Yöntem çağrısı sonucu</returns>
        </member>
        <member name="M:Microsoft.VisualStudio.TestTools.UnitTesting.PrivateObject.Invoke(System.String,System.Type[],System.Object[],System.Globalization.CultureInfo)">
            <summary>
            Belirtilen yöntemi çağırır
            </summary>
            <param name="name">Name of the method</param>
            <param name="parameterTypes">Bir dizi <see cref="T:System.Type"/> alınacak yönteme ait parametrelerin sayısını, sırasını ve türünü temsil eden nesneler.</param>
            <param name="args">Çağrılacak üyeye geçirilecek bağımsız değişkenler.</param>
            <param name="culture">Kültür bilgisi</param>
            <returns>Yöntem çağrısı sonucu</returns>
        </member>
        <member name="M:Microsoft.VisualStudio.TestTools.UnitTesting.PrivateObject.Invoke(System.String,System.Reflection.BindingFlags,System.Object[])">
            <summary>
            Belirtilen yöntemi çağırır
            </summary>
            <param name="name">Name of the method</param>
            <param name="bindingFlags">Bir veya daha fazla içeren bit maskesi <see cref="T:System.Reflection.BindingFlags"/> aramanın nasıl yürütüldüğünü belirtir.</param>
            <param name="args">Çağrılacak üyeye geçirilecek bağımsız değişkenler.</param>
            <returns>Yöntem çağrısı sonucu</returns>
        </member>
        <member name="M:Microsoft.VisualStudio.TestTools.UnitTesting.PrivateObject.Invoke(System.String,System.Reflection.BindingFlags,System.Type[],System.Object[])">
            <summary>
            Belirtilen yöntemi çağırır
            </summary>
            <param name="name">Name of the method</param>
            <param name="bindingFlags">Bir veya daha fazla içeren bit maskesi <see cref="T:System.Reflection.BindingFlags"/> aramanın nasıl yürütüldüğünü belirtir.</param>
            <param name="parameterTypes">Bir dizi <see cref="T:System.Type"/> alınacak yönteme ait parametrelerin sayısını, sırasını ve türünü temsil eden nesneler.</param>
            <param name="args">Çağrılacak üyeye geçirilecek bağımsız değişkenler.</param>
            <returns>Yöntem çağrısı sonucu</returns>
        </member>
        <member name="M:Microsoft.VisualStudio.TestTools.UnitTesting.PrivateObject.Invoke(System.String,System.Reflection.BindingFlags,System.Object[],System.Globalization.CultureInfo)">
            <summary>
            Belirtilen yöntemi çağırır
            </summary>
            <param name="name">Name of the method</param>
            <param name="bindingFlags">Bir veya daha fazla içeren bit maskesi <see cref="T:System.Reflection.BindingFlags"/> aramanın nasıl yürütüldüğünü belirtir.</param>
            <param name="args">Çağrılacak üyeye geçirilecek bağımsız değişkenler.</param>
            <param name="culture">Kültür bilgisi</param>
            <returns>Yöntem çağrısı sonucu</returns>
        </member>
        <member name="M:Microsoft.VisualStudio.TestTools.UnitTesting.PrivateObject.Invoke(System.String,System.Reflection.BindingFlags,System.Type[],System.Object[],System.Globalization.CultureInfo)">
            <summary>
            Belirtilen yöntemi çağırır
            </summary>
            <param name="name">Name of the method</param>
            <param name="bindingFlags">Bir veya daha fazla içeren bit maskesi <see cref="T:System.Reflection.BindingFlags"/> aramanın nasıl yürütüldüğünü belirtir.</param>
            <param name="parameterTypes">Bir dizi <see cref="T:System.Type"/> alınacak yönteme ait parametrelerin sayısını, sırasını ve türünü temsil eden nesneler.</param>
            <param name="args">Çağrılacak üyeye geçirilecek bağımsız değişkenler.</param>
            <param name="culture">Kültür bilgisi</param>
            <returns>Yöntem çağrısı sonucu</returns>
        </member>
        <member name="M:Microsoft.VisualStudio.TestTools.UnitTesting.PrivateObject.Invoke(System.String,System.Reflection.BindingFlags,System.Type[],System.Object[],System.Globalization.CultureInfo,System.Type[])">
            <summary>
            Belirtilen yöntemi çağırır
            </summary>
            <param name="name">Yöntem adı</param>
            <param name="bindingFlags">Bir veya daha fazla içeren bit maskesi <see cref="T:System.Reflection.BindingFlags"/> aramanın nasıl yürütüldüğünü belirtir.</param>
            <param name="parameterTypes">Bir dizi <see cref="T:System.Type"/> alınacak yönteme ait parametrelerin sayısını, sırasını ve türünü temsil eden nesneler.</param>
            <param name="args">Çağrılacak üyeye geçirilecek bağımsız değişkenler.</param>
            <param name="culture">Kültür bilgisi</param>
            <param name="typeArguments">Genel bağımsız değişkenlerin türlerine karşılık gelen bir tür dizisi.</param>
            <returns>Yöntem çağrısı sonucu</returns>
        </member>
        <member name="M:Microsoft.VisualStudio.TestTools.UnitTesting.PrivateObject.GetArrayElement(System.String,System.Int32[])">
            <summary>
            Gets the array element using array of subsrcipts for each dimension
            </summary>
            <param name="name">Name of the member</param>
            <param name="indices">dizi dizinleri</param>
            <returns>An arrya of elements.</returns>
        </member>
        <member name="M:Microsoft.VisualStudio.TestTools.UnitTesting.PrivateObject.SetArrayElement(System.String,System.Object,System.Int32[])">
            <summary>
            Sets the array element using array of subsrcipts for each dimension
            </summary>
            <param name="name">Name of the member</param>
            <param name="value">Ayarlanacak değer</param>
            <param name="indices">dizi dizinleri</param>
        </member>
        <member name="M:Microsoft.VisualStudio.TestTools.UnitTesting.PrivateObject.GetArrayElement(System.String,System.Reflection.BindingFlags,System.Int32[])">
            <summary>
            Gets the array element using array of subsrcipts for each dimension
            </summary>
            <param name="name">Name of the member</param>
            <param name="bindingFlags">Bir veya daha fazla içeren bit maskesi <see cref="T:System.Reflection.BindingFlags"/> aramanın nasıl yürütüldüğünü belirtir.</param>
            <param name="indices">dizi dizinleri</param>
            <returns>An arrya of elements.</returns>
        </member>
        <member name="M:Microsoft.VisualStudio.TestTools.UnitTesting.PrivateObject.SetArrayElement(System.String,System.Reflection.BindingFlags,System.Object,System.Int32[])">
            <summary>
            Sets the array element using array of subsrcipts for each dimension
            </summary>
            <param name="name">Name of the member</param>
            <param name="bindingFlags">Bir veya daha fazla içeren bit maskesi <see cref="T:System.Reflection.BindingFlags"/> aramanın nasıl yürütüldüğünü belirtir.</param>
            <param name="value">Ayarlanacak değer</param>
            <param name="indices">dizi dizinleri</param>
        </member>
        <member name="M:Microsoft.VisualStudio.TestTools.UnitTesting.PrivateObject.GetField(System.String)">
            <summary>
            Alanı alır
            </summary>
            <param name="name">Name of the field</param>
            <returns>The field.</returns>
        </member>
        <member name="M:Microsoft.VisualStudio.TestTools.UnitTesting.PrivateObject.SetField(System.String,System.Object)">
            <summary>
            Alanı ayarlar
            </summary>
            <param name="name">Name of the field</param>
            <param name="value">ayarlanacak değer</param>
        </member>
        <member name="M:Microsoft.VisualStudio.TestTools.UnitTesting.PrivateObject.GetField(System.String,System.Reflection.BindingFlags)">
            <summary>
            Alanı alır
            </summary>
            <param name="name">Name of the field</param>
            <param name="bindingFlags">Bir veya daha fazla içeren bit maskesi <see cref="T:System.Reflection.BindingFlags"/> aramanın nasıl yürütüldüğünü belirtir.</param>
            <returns>The field.</returns>
        </member>
        <member name="M:Microsoft.VisualStudio.TestTools.UnitTesting.PrivateObject.SetField(System.String,System.Reflection.BindingFlags,System.Object)">
            <summary>
            Alanı ayarlar
            </summary>
            <param name="name">Name of the field</param>
            <param name="bindingFlags">Bir veya daha fazla içeren bit maskesi <see cref="T:System.Reflection.BindingFlags"/> aramanın nasıl yürütüldüğünü belirtir.</param>
            <param name="value">ayarlanacak değer</param>
        </member>
        <member name="M:Microsoft.VisualStudio.TestTools.UnitTesting.PrivateObject.GetFieldOrProperty(System.String)">
            <summary>
            Alanı veya özelliği alır
            </summary>
            <param name="name">Alan veya özelliğin adı</param>
            <returns>The field or property.</returns>
        </member>
        <member name="M:Microsoft.VisualStudio.TestTools.UnitTesting.PrivateObject.SetFieldOrProperty(System.String,System.Object)">
            <summary>
            Alanı veya özelliği ayarlar
            </summary>
            <param name="name">Alan veya özelliğin adı</param>
            <param name="value">ayarlanacak değer</param>
        </member>
        <member name="M:Microsoft.VisualStudio.TestTools.UnitTesting.PrivateObject.GetFieldOrProperty(System.String,System.Reflection.BindingFlags)">
            <summary>
            Alanı veya özelliği alır
            </summary>
            <param name="name">Alan veya özelliğin adı</param>
            <param name="bindingFlags">Bir veya daha fazla içeren bit maskesi <see cref="T:System.Reflection.BindingFlags"/> aramanın nasıl yürütüldüğünü belirtir.</param>
            <returns>The field or property.</returns>
        </member>
        <member name="M:Microsoft.VisualStudio.TestTools.UnitTesting.PrivateObject.SetFieldOrProperty(System.String,System.Reflection.BindingFlags,System.Object)">
            <summary>
            Alanı veya özelliği ayarlar
            </summary>
            <param name="name">Alan veya özelliğin adı</param>
            <param name="bindingFlags">Bir veya daha fazla içeren bit maskesi <see cref="T:System.Reflection.BindingFlags"/> aramanın nasıl yürütüldüğünü belirtir.</param>
            <param name="value">ayarlanacak değer</param>
        </member>
        <member name="M:Microsoft.VisualStudio.TestTools.UnitTesting.PrivateObject.GetProperty(System.String,System.Object[])">
            <summary>
            Özelliği alır
            </summary>
            <param name="name">Özellik adı</param>
            <param name="args">Çağrılacak üyeye geçirilecek bağımsız değişkenler.</param>
            <returns>The property.</returns>
        </member>
        <member name="M:Microsoft.VisualStudio.TestTools.UnitTesting.PrivateObject.GetProperty(System.String,System.Type[],System.Object[])">
            <summary>
            Özelliği alır
            </summary>
            <param name="name">Özellik adı</param>
            <param name="parameterTypes">Bir dizi <see cref="T:System.Type"/> dizini oluşturulmuş özelliğe ait parametrelerin sayısını, sırasını ve türünü temsil eden nesneler.</param>
            <param name="args">Çağrılacak üyeye geçirilecek bağımsız değişkenler.</param>
            <returns>The property.</returns>
        </member>
        <member name="M:Microsoft.VisualStudio.TestTools.UnitTesting.PrivateObject.SetProperty(System.String,System.Object,System.Object[])">
            <summary>
            Özelliği ayarlar
            </summary>
            <param name="name">Özellik adı</param>
            <param name="value">ayarlanacak değer</param>
            <param name="args">Çağrılacak üyeye geçirilecek bağımsız değişkenler.</param>
        </member>
        <member name="M:Microsoft.VisualStudio.TestTools.UnitTesting.PrivateObject.SetProperty(System.String,System.Type[],System.Object,System.Object[])">
            <summary>
            Özelliği ayarlar
            </summary>
            <param name="name">Özellik adı</param>
            <param name="parameterTypes">Bir dizi <see cref="T:System.Type"/> dizini oluşturulmuş özelliğe ait parametrelerin sayısını, sırasını ve türünü temsil eden nesneler.</param>
            <param name="value">ayarlanacak değer</param>
            <param name="args">Çağrılacak üyeye geçirilecek bağımsız değişkenler.</param>
        </member>
        <member name="M:Microsoft.VisualStudio.TestTools.UnitTesting.PrivateObject.GetProperty(System.String,System.Reflection.BindingFlags,System.Object[])">
            <summary>
            Özelliği alır
            </summary>
            <param name="name">Name of the property</param>
            <param name="bindingFlags">Bir veya daha fazla içeren bit maskesi <see cref="T:System.Reflection.BindingFlags"/> aramanın nasıl yürütüldüğünü belirtir.</param>
            <param name="args">Çağrılacak üyeye geçirilecek bağımsız değişkenler.</param>
            <returns>The property.</returns>
        </member>
        <member name="M:Microsoft.VisualStudio.TestTools.UnitTesting.PrivateObject.GetProperty(System.String,System.Reflection.BindingFlags,System.Type[],System.Object[])">
            <summary>
            Özelliği alır
            </summary>
            <param name="name">Name of the property</param>
            <param name="bindingFlags">Bir veya daha fazla içeren bit maskesi <see cref="T:System.Reflection.BindingFlags"/> aramanın nasıl yürütüldüğünü belirtir.</param>
            <param name="parameterTypes">Bir dizi <see cref="T:System.Type"/> dizini oluşturulmuş özelliğe ait parametrelerin sayısını, sırasını ve türünü temsil eden nesneler.</param>
            <param name="args">Çağrılacak üyeye geçirilecek bağımsız değişkenler.</param>
            <returns>The property.</returns>
        </member>
        <member name="M:Microsoft.VisualStudio.TestTools.UnitTesting.PrivateObject.SetProperty(System.String,System.Reflection.BindingFlags,System.Object,System.Object[])">
            <summary>
            Özelliği ayarlar
            </summary>
            <param name="name">Özellik adı</param>
            <param name="bindingFlags">Bir veya daha fazla içeren bit maskesi <see cref="T:System.Reflection.BindingFlags"/> aramanın nasıl yürütüldüğünü belirtir.</param>
            <param name="value">ayarlanacak değer</param>
            <param name="args">Çağrılacak üyeye geçirilecek bağımsız değişkenler.</param>
        </member>
        <member name="M:Microsoft.VisualStudio.TestTools.UnitTesting.PrivateObject.SetProperty(System.String,System.Reflection.BindingFlags,System.Object,System.Type[],System.Object[])">
            <summary>
            Özelliği ayarlar
            </summary>
            <param name="name">Özellik adı</param>
            <param name="bindingFlags">Bir veya daha fazla içeren bit maskesi <see cref="T:System.Reflection.BindingFlags"/> aramanın nasıl yürütüldüğünü belirtir.</param>
            <param name="value">ayarlanacak değer</param>
            <param name="parameterTypes">Bir dizi <see cref="T:System.Type"/> dizini oluşturulmuş özelliğe ait parametrelerin sayısını, sırasını ve türünü temsil eden nesneler.</param>
            <param name="args">Çağrılacak üyeye geçirilecek bağımsız değişkenler.</param>
        </member>
        <member name="M:Microsoft.VisualStudio.TestTools.UnitTesting.PrivateObject.ValidateAccessString(System.String)">
            <summary>
            Erişim dizesini doğrular
            </summary>
            <param name="access"> erişim dizesi</param>
        </member>
        <member name="M:Microsoft.VisualStudio.TestTools.UnitTesting.PrivateObject.InvokeHelper(System.String,System.Reflection.BindingFlags,System.Object[],System.Globalization.CultureInfo)">
            <summary>
            Üyeyi çağırır
            </summary>
            <param name="name">Name of the member</param>
            <param name="bindingFlags">Ek öznitelikler</param>
            <param name="args">Çağrı bağımsız değişkenleri</param>
            <param name="culture">Kültür</param>
            <returns>Çağrı sonucu</returns>
        </member>
        <member name="M:Microsoft.VisualStudio.TestTools.UnitTesting.PrivateObject.GetGenericMethodFromCache(System.String,System.Type[],System.Type[],System.Reflection.BindingFlags,System.Reflection.ParameterModifier[])">
            <summary>
            Geçerli özel türden en uygun genel yöntem imzasını ayıklar.
            </summary>
            <param name="methodName">İmza önbelleğinin aranacağı yöntemin adı.</param>
            <param name="parameterTypes">İçinde arama yapılacak parametrelerin türlerine karşılık gelen bir tür dizisi.</param>
            <param name="typeArguments">Genel bağımsız değişkenlerin türlerine karşılık gelen bir tür dizisi.</param>
            <param name="bindingFlags"><see cref="T:System.Reflection.BindingFlags"/> yöntem imzalarını daha fazla filtrelemek için.</param>
            <param name="modifiers">Modifiers for parameters.</param>
            <returns>A methodinfo instance.</returns>
        </member>
        <member name="T:Microsoft.VisualStudio.TestTools.UnitTesting.PrivateType">
            <summary>
            This class represents a private class for the Private Accessor functionality.
            </summary>
        </member>
        <member name="F:Microsoft.VisualStudio.TestTools.UnitTesting.PrivateType.BindToEveryThing">
            <summary>
            Her şeye bağlar
            </summary>
        </member>
        <member name="F:Microsoft.VisualStudio.TestTools.UnitTesting.PrivateType.type">
            <summary>
            The wrapped type.
            </summary>
        </member>
        <member name="M:Microsoft.VisualStudio.TestTools.UnitTesting.PrivateType.#ctor(System.String,System.String)">
            <summary>
            Initializes a new instance of the <see cref="T:Microsoft.VisualStudio.TestTools.UnitTesting.PrivateType"/> class that contains the private type.
            </summary>
            <param name="assemblyName">Bütünleştirilmiş kod adı</param>
            <param name="typeName">şunun tam adı: </param>
        </member>
        <member name="M:Microsoft.VisualStudio.TestTools.UnitTesting.PrivateType.#ctor(System.Type)">
            <summary>
            Initializes a new instance of the <see cref="T:Microsoft.VisualStudio.TestTools.UnitTesting.PrivateType"/> class that contains
            the private type from the type object
            </summary>
            <param name="type">Oluşturulacak kaydırılmış Tür.</param>
        </member>
        <member name="P:Microsoft.VisualStudio.TestTools.UnitTesting.PrivateType.ReferencedType">
            <summary>
            Başvurulan türü alır
            </summary>
        </member>
        <member name="M:Microsoft.VisualStudio.TestTools.UnitTesting.PrivateType.InvokeStatic(System.String,System.Object[])">
            <summary>
            Statik üyeyi çağırır
            </summary>
            <param name="name">InvokeHelper üyesinin adı</param>
            <param name="args">Çağrı bağımsız değişkenleri</param>
            <returns>Çağrı sonucu</returns>
        </member>
        <member name="M:Microsoft.VisualStudio.TestTools.UnitTesting.PrivateType.InvokeStatic(System.String,System.Type[],System.Object[])">
            <summary>
            Statik üyeyi çağırır
            </summary>
            <param name="name">InvokeHelper üyesinin adı</param>
            <param name="parameterTypes">Bir dizi <see cref="T:System.Type"/> çağrılacak yönteme ait parametrelerin sayısını, sırasını ve türünü temsil eden nesneler</param>
            <param name="args">Çağrı bağımsız değişkenleri</param>
            <returns>Çağrı sonucu</returns>
        </member>
        <member name="M:Microsoft.VisualStudio.TestTools.UnitTesting.PrivateType.InvokeStatic(System.String,System.Type[],System.Object[],System.Type[])">
            <summary>
            Statik üyeyi çağırır
            </summary>
            <param name="name">InvokeHelper üyesinin adı</param>
            <param name="parameterTypes">Bir dizi <see cref="T:System.Type"/> çağrılacak yönteme ait parametrelerin sayısını, sırasını ve türünü temsil eden nesneler</param>
            <param name="args">Çağrı bağımsız değişkenleri</param>
            <param name="typeArguments">Genel bağımsız değişkenlerin türlerine karşılık gelen bir tür dizisi.</param>
            <returns>Çağrı sonucu</returns>
        </member>
        <member name="M:Microsoft.VisualStudio.TestTools.UnitTesting.PrivateType.InvokeStatic(System.String,System.Object[],System.Globalization.CultureInfo)">
            <summary>
            Statik yöntemi çağırır
            </summary>
            <param name="name">Name of the member</param>
            <param name="args">Çağrı bağımsız değişkenleri</param>
            <param name="culture">Kültür</param>
            <returns>Çağrı sonucu</returns>
        </member>
        <member name="M:Microsoft.VisualStudio.TestTools.UnitTesting.PrivateType.InvokeStatic(System.String,System.Type[],System.Object[],System.Globalization.CultureInfo)">
            <summary>
            Statik yöntemi çağırır
            </summary>
            <param name="name">Name of the member</param>
            <param name="parameterTypes">Bir dizi <see cref="T:System.Type"/> çağrılacak yönteme ait parametrelerin sayısını, sırasını ve türünü temsil eden nesneler</param>
            <param name="args">Çağrı bağımsız değişkenleri</param>
            <param name="culture">Kültür bilgisi</param>
            <returns>Çağrı sonucu</returns>
        </member>
        <member name="M:Microsoft.VisualStudio.TestTools.UnitTesting.PrivateType.InvokeStatic(System.String,System.Reflection.BindingFlags,System.Object[])">
            <summary>
            Statik yöntemi çağırır
            </summary>
            <param name="name">Name of the member</param>
            <param name="bindingFlags">Ek çağrı öznitelikleri</param>
            <param name="args">Çağrı bağımsız değişkenleri</param>
            <returns>Çağrı sonucu</returns>
        </member>
        <member name="M:Microsoft.VisualStudio.TestTools.UnitTesting.PrivateType.InvokeStatic(System.String,System.Reflection.BindingFlags,System.Type[],System.Object[])">
            <summary>
            Statik yöntemi çağırır
            </summary>
            <param name="name">Name of the member</param>
            <param name="bindingFlags">Ek çağrı öznitelikleri</param>
            <param name="parameterTypes">Bir dizi <see cref="T:System.Type"/> çağrılacak yönteme ait parametrelerin sayısını, sırasını ve türünü temsil eden nesneler</param>
            <param name="args">Çağrı bağımsız değişkenleri</param>
            <returns>Çağrı sonucu</returns>
        </member>
        <member name="M:Microsoft.VisualStudio.TestTools.UnitTesting.PrivateType.InvokeStatic(System.String,System.Reflection.BindingFlags,System.Object[],System.Globalization.CultureInfo)">
            <summary>
            Statik yöntemi çağırır
            </summary>
            <param name="name">Üyenin adı</param>
            <param name="bindingFlags">Ek çağrı öznitelikleri</param>
            <param name="args">Çağrı bağımsız değişkenleri</param>
            <param name="culture">Kültür</param>
            <returns>Çağrı sonucu</returns>
        </member>
        <member name="M:Microsoft.VisualStudio.TestTools.UnitTesting.PrivateType.InvokeStatic(System.String,System.Reflection.BindingFlags,System.Type[],System.Object[],System.Globalization.CultureInfo)">
            <summary>
            Statik yöntemi çağırır
            </summary>
            <param name="name">Üyenin adı</param>
            <param name="bindingFlags">Ek çağrı öznitelikleri</param>
            /// <param name="parameterTypes">Bir dizi <see cref="T:System.Type"/> çağrılacak yönteme ait parametrelerin sayısını, sırasını ve türünü temsil eden nesneler</param>
            <param name="args">Çağrı bağımsız değişkenleri</param>
            <param name="culture">Kültür</param>
            <returns>Çağrı sonucu</returns>
        </member>
        <member name="M:Microsoft.VisualStudio.TestTools.UnitTesting.PrivateType.InvokeStatic(System.String,System.Reflection.BindingFlags,System.Type[],System.Object[],System.Globalization.CultureInfo,System.Type[])">
            <summary>
            Statik yöntemi çağırır
            </summary>
            <param name="name">Üyenin adı</param>
            <param name="bindingFlags">Ek çağrı öznitelikleri</param>
            /// <param name="parameterTypes">Bir dizi <see cref="T:System.Type"/> çağrılacak yönteme ait parametrelerin sayısını, sırasını ve türünü temsil eden nesneler</param>
            <param name="args">Çağrı bağımsız değişkenleri</param>
            <param name="culture">Kültür</param>
            <param name="typeArguments">Genel bağımsız değişkenlerin türlerine karşılık gelen bir tür dizisi.</param>
            <returns>Çağrı sonucu</returns>
        </member>
        <member name="M:Microsoft.VisualStudio.TestTools.UnitTesting.PrivateType.GetStaticArrayElement(System.String,System.Int32[])">
            <summary>
            Statik dizideki öğeyi alır
            </summary>
            <param name="name">Name of the array</param>
            <param name="indices">
            Alınacak öğenin konumunu belirten dizinleri temsil eden tek boyutlu bir 32 bit
            tamsayı dizisi. Örneğin, a[10][11] öğesine erişmek için dizinler {10,11} olur
            </param>
            <returns>belirtilen konumdaki öğe</returns>
        </member>
        <member name="M:Microsoft.VisualStudio.TestTools.UnitTesting.PrivateType.SetStaticArrayElement(System.String,System.Object,System.Int32[])">
            <summary>
            Statik dizinin üyesini ayarlar
            </summary>
            <param name="name">Name of the array</param>
            <param name="value">ayarlanacak değer</param>
            <param name="indices">
            Ayarlanacak öğenin konumunu belirten dizinleri temsil eden tek boyutlu bir 32 bit
            tamsayı dizisi. Örneğin, a[10][11] öğesine erişmek için dizi {10,11} olur
            </param>
        </member>
        <member name="M:Microsoft.VisualStudio.TestTools.UnitTesting.PrivateType.GetStaticArrayElement(System.String,System.Reflection.BindingFlags,System.Int32[])">
            <summary>
            Gets the element in satatic array
            </summary>
            <param name="name">Name of the array</param>
            <param name="bindingFlags">Ek InvokeHelper öznitelikleri</param>
            <param name="indices">
            Alınacak öğenin konumunu belirten dizinleri temsil eden tek boyutlu bir 32 bit
            tamsayı dizisi. Örneğin, a[10][11] öğesine erişmek için dizi {10,11} olur
            </param>
            <returns>belirtilen konumdaki öğe</returns>
        </member>
        <member name="M:Microsoft.VisualStudio.TestTools.UnitTesting.PrivateType.SetStaticArrayElement(System.String,System.Reflection.BindingFlags,System.Object,System.Int32[])">
            <summary>
            Statik dizinin üyesini ayarlar
            </summary>
            <param name="name">Name of the array</param>
            <param name="bindingFlags">Ek InvokeHelper öznitelikleri</param>
            <param name="value">ayarlanacak değer</param>
            <param name="indices">
            Ayarlanacak öğenin konumunu belirten dizinleri temsil eden tek boyutlu bir 32 bit
            tamsayı dizisi. Örneğin, a[10][11] öğesine erişmek için dizi {10,11} olur
            </param>
        </member>
        <member name="M:Microsoft.VisualStudio.TestTools.UnitTesting.PrivateType.GetStaticField(System.String)">
            <summary>
            Statik alanı alır
            </summary>
            <param name="name">Alanın adı</param>
            <returns>The static field.</returns>
        </member>
        <member name="M:Microsoft.VisualStudio.TestTools.UnitTesting.PrivateType.SetStaticField(System.String,System.Object)">
            <summary>
            Statik alanı ayarlar
            </summary>
            <param name="name">Alanın adı</param>
            <param name="value">Çağrı bağımsız değişkeni</param>
        </member>
        <member name="M:Microsoft.VisualStudio.TestTools.UnitTesting.PrivateType.GetStaticField(System.String,System.Reflection.BindingFlags)">
            <summary>
            Belirtilen InvokeHelper özniteliklerini kullanarak statik alanı alır
            </summary>
            <param name="name">Alanın adı</param>
            <param name="bindingFlags">Ek çağrı öznitelikleri</param>
            <returns>The static field.</returns>
        </member>
        <member name="M:Microsoft.VisualStudio.TestTools.UnitTesting.PrivateType.SetStaticField(System.String,System.Reflection.BindingFlags,System.Object)">
            <summary>
            Bağlama özniteliklerini kullanarak statik alanı ayarlar
            </summary>
            <param name="name">Alanın adı</param>
            <param name="bindingFlags">Ek InvokeHelper öznitelikleri</param>
            <param name="value">Çağrı bağımsız değişkeni</param>
        </member>
        <member name="M:Microsoft.VisualStudio.TestTools.UnitTesting.PrivateType.GetStaticFieldOrProperty(System.String)">
            <summary>
            Statik alanı veya özelliği alır
            </summary>
            <param name="name">Alan veya özelliğin adı</param>
            <returns>The static field or property.</returns>
        </member>
        <member name="M:Microsoft.VisualStudio.TestTools.UnitTesting.PrivateType.SetStaticFieldOrProperty(System.String,System.Object)">
            <summary>
            Statik alanı veya özelliği ayarlar
            </summary>
            <param name="name">Alan veya özelliğin adı</param>
            <param name="value">Alan veya özelliğe ayarlanacak değer</param>
        </member>
        <member name="M:Microsoft.VisualStudio.TestTools.UnitTesting.PrivateType.GetStaticFieldOrProperty(System.String,System.Reflection.BindingFlags)">
            <summary>
            Belirtilen InvokeHelper özniteliklerini kullanarak statik alanı veya özelliği alır
            </summary>
            <param name="name">Alan veya özelliğin adı</param>
            <param name="bindingFlags">Ek çağrı öznitelikleri</param>
            <returns>The static field or property.</returns>
        </member>
        <member name="M:Microsoft.VisualStudio.TestTools.UnitTesting.PrivateType.SetStaticFieldOrProperty(System.String,System.Reflection.BindingFlags,System.Object)">
            <summary>
            Bağlama özniteliklerini kullanarak statik alanı veya özelliği ayarlar
            </summary>
            <param name="name">Alan veya özelliğin adı</param>
            <param name="bindingFlags">Ek çağrı öznitelikleri</param>
            <param name="value">Alan veya özelliğe ayarlanacak değer</param>
        </member>
        <member name="M:Microsoft.VisualStudio.TestTools.UnitTesting.PrivateType.GetStaticProperty(System.String,System.Object[])">
            <summary>
            Statik özelliği alır
            </summary>
            <param name="name">Alan veya özelliğin adı</param>
            <param name="args">Çağrı bağımsız değişkenleri</param>
            <returns>The static property.</returns>
        </member>
        <member name="M:Microsoft.VisualStudio.TestTools.UnitTesting.PrivateType.SetStaticProperty(System.String,System.Object,System.Object[])">
            <summary>
            Statik özelliği ayarlar
            </summary>
            <param name="name">Özellik adı</param>
            <param name="value">Alan veya özelliğe ayarlanacak değer</param>
            <param name="args">Çağrılacak üyeye geçirilecek bağımsız değişkenler.</param>
        </member>
        <member name="M:Microsoft.VisualStudio.TestTools.UnitTesting.PrivateType.SetStaticProperty(System.String,System.Object,System.Type[],System.Object[])">
            <summary>
            Statik özelliği ayarlar
            </summary>
            <param name="name">Özellik adı</param>
            <param name="value">Alan veya özelliğe ayarlanacak değer</param>
            <param name="parameterTypes">Bir dizi <see cref="T:System.Type"/> dizini oluşturulmuş özelliğe ait parametrelerin sayısını, sırasını ve türünü temsil eden nesneler.</param>
            <param name="args">Çağrılacak üyeye geçirilecek bağımsız değişkenler.</param>
        </member>
        <member name="M:Microsoft.VisualStudio.TestTools.UnitTesting.PrivateType.GetStaticProperty(System.String,System.Reflection.BindingFlags,System.Object[])">
            <summary>
            Statik özelliği alır
            </summary>
            <param name="name">Özellik adı</param>
            <param name="bindingFlags">Ek çağrı öznitelikleri.</param>
            <param name="args">Çağrılacak üyeye geçirilecek bağımsız değişkenler.</param>
            <returns>The static property.</returns>
        </member>
        <member name="M:Microsoft.VisualStudio.TestTools.UnitTesting.PrivateType.GetStaticProperty(System.String,System.Reflection.BindingFlags,System.Type[],System.Object[])">
            <summary>
            Statik özelliği alır
            </summary>
            <param name="name">Özellik adı</param>
            <param name="bindingFlags">Ek çağrı öznitelikleri.</param>
            <param name="parameterTypes">Bir dizi <see cref="T:System.Type"/> dizini oluşturulmuş özelliğe ait parametrelerin sayısını, sırasını ve türünü temsil eden nesneler.</param>
            <param name="args">Çağrılacak üyeye geçirilecek bağımsız değişkenler.</param>
            <returns>The static property.</returns>
        </member>
        <member name="M:Microsoft.VisualStudio.TestTools.UnitTesting.PrivateType.SetStaticProperty(System.String,System.Reflection.BindingFlags,System.Object,System.Object[])">
            <summary>
            Statik özelliği ayarlar
            </summary>
            <param name="name">Özellik adı</param>
            <param name="bindingFlags">Ek çağrı öznitelikleri.</param>
            <param name="value">Alan veya özelliğe ayarlanacak değer</param>
            <param name="args">Dizini oluşturulmuş özellikler için isteğe bağlı dizin değerleri. Dizini oluşturulmuş özelliklerin dizinleri sıfır tabanlıdır. Bu değer, dizini oluşturulmamış özellikler için null olmalıdır. </param>
        </member>
        <member name="M:Microsoft.VisualStudio.TestTools.UnitTesting.PrivateType.SetStaticProperty(System.String,System.Reflection.BindingFlags,System.Object,System.Type[],System.Object[])">
            <summary>
            Statik özelliği ayarlar
            </summary>
            <param name="name">Özellik adı</param>
            <param name="bindingFlags">Ek çağrı öznitelikleri.</param>
            <param name="value">Alan veya özelliğe ayarlanacak değer</param>
            <param name="parameterTypes">Bir dizi <see cref="T:System.Type"/> dizini oluşturulmuş özelliğe ait parametrelerin sayısını, sırasını ve türünü temsil eden nesneler.</param>
            <param name="args">Çağrılacak üyeye geçirilecek bağımsız değişkenler.</param>
        </member>
        <member name="M:Microsoft.VisualStudio.TestTools.UnitTesting.PrivateType.InvokeHelperStatic(System.String,System.Reflection.BindingFlags,System.Object[],System.Globalization.CultureInfo)">
            <summary>
            Statik yöntemi çağırır
            </summary>
            <param name="name">Üyenin adı</param>
            <param name="bindingFlags">Ek çağrı öznitelikleri</param>
            <param name="args">Çağrı bağımsız değişkenleri</param>
            <param name="culture">Kültür</param>
            <returns>Çağrı sonucu</returns>
        </member>
        <member name="T:Microsoft.VisualStudio.TestTools.UnitTesting.RuntimeTypeHelper">
            <summary>
            Genel yöntemler için yöntem imzası bulmayı sağlar.
            </summary>
        </member>
        <member name="M:Microsoft.VisualStudio.TestTools.UnitTesting.RuntimeTypeHelper.CompareMethodSigAndName(System.Reflection.MethodBase,System.Reflection.MethodBase)">
            <summary>
            Compares the method signatures of these two methods.
            </summary>
            <param name="m1">Method1</param>
            <param name="m2">Method2</param>
            <returns>True if they are similiar.</returns>
        </member>
        <member name="M:Microsoft.VisualStudio.TestTools.UnitTesting.RuntimeTypeHelper.GetHierarchyDepth(System.Type)">
            <summary>
            Gets the hierarchy depty from the base type of the provided type.
            </summary>
            <param name="t">The type.</param>
            <returns>The depth.</returns>
        </member>
        <member name="M:Microsoft.VisualStudio.TestTools.UnitTesting.RuntimeTypeHelper.FindMostDerivedNewSlotMeth(System.Reflection.MethodBase[],System.Int32)">
            <summary>
            Finds most dervied type with the provided information.
            </summary>
            <param name="match">Candidate matches.</param>
            <param name="cMatches">Number of matches.</param>
            <returns>The most derived method.</returns>
        </member>
        <member name="M:Microsoft.VisualStudio.TestTools.UnitTesting.RuntimeTypeHelper.SelectMethod(System.Reflection.BindingFlags,System.Reflection.MethodBase[],System.Type[],System.Reflection.ParameterModifier[])">
            <summary>
            Temel ölçütlerle eşleşen bir yöntem kümesini göz önünde bulundurarak
            bir düz dizisine göre yöntem seçin. Hiçbir yöntem ölçütlerle eşleşmezse bu yöntem
            null döndürmelidir.
            </summary>
            <param name="bindingAttr">Binding specification.</param>
            <param name="match">Candidate matches</param>
            <param name="types">Types</param>
            <param name="modifiers">Parameter modifiers.</param>
            <returns>Matching method. Null if none matches.</returns>
        </member>
        <member name="M:Microsoft.VisualStudio.TestTools.UnitTesting.RuntimeTypeHelper.FindMostSpecificMethod(System.Reflection.MethodBase,System.Int32[],System.Type,System.Reflection.MethodBase,System.Int32[],System.Type,System.Type[],System.Object[])">
            <summary>
            Finds the most specific method in the two methods provided.
            </summary>
            <param name="m1">Method 1</param>
            <param name="paramOrder1">Parameter order for Method 1</param>
            <param name="paramArrayType1">Paramter array type.</param>
            <param name="m2">Method 2</param>
            <param name="paramOrder2">Parameter order for Method 2</param>
            <param name="paramArrayType2">&gt;Paramter array type.</param>
            <param name="types">Types to search in.</param>
            <param name="args">Args.</param>
            <returns>An int representing the match.</returns>
        </member>
        <member name="M:Microsoft.VisualStudio.TestTools.UnitTesting.RuntimeTypeHelper.FindMostSpecific(System.Reflection.ParameterInfo[],System.Int32[],System.Type,System.Reflection.ParameterInfo[],System.Int32[],System.Type,System.Type[],System.Object[])">
            <summary>
            Finds the most specific method in the two methods provided.
            </summary>
            <param name="p1">Method 1</param>
            <param name="paramOrder1">Parameter order for Method 1</param>
            <param name="paramArrayType1">Paramter array type.</param>
            <param name="p2">Method 2</param>
            <param name="paramOrder2">Parameter order for Method 2</param>
            <param name="paramArrayType2">&gt;Paramter array type.</param>
            <param name="types">Types to search in.</param>
            <param name="args">Args.</param>
            <returns>An int representing the match.</returns>
        </member>
        <member name="M:Microsoft.VisualStudio.TestTools.UnitTesting.RuntimeTypeHelper.FindMostSpecificType(System.Type,System.Type,System.Type)">
            <summary>
            Finds the most specific type in the two provided.
            </summary>
            <param name="c1">Type 1</param>
            <param name="c2">Type 2</param>
            <param name="t">The defining type</param>
            <returns>An int representing the match.</returns>
        </member>
        <member name="T:Microsoft.VisualStudio.TestTools.UnitTesting.TestContext">
            <summary>
            Birim testlerinde sağlanan bilgileri depolamak için kullanılır.
            </summary>
        </member>
        <member name="P:Microsoft.VisualStudio.TestTools.UnitTesting.TestContext.Properties">
            <summary>
            Gets per test properties
            </summary>
        </member>
        <member name="P:Microsoft.VisualStudio.TestTools.UnitTesting.TestContext.DataRow">
            <summary>
            Gets the current data row when test is used for data driven testing.
            </summary>
        </member>
        <member name="P:Microsoft.VisualStudio.TestTools.UnitTesting.TestContext.DataConnection">
            <summary>
            Gets current data connection row when test is used for data driven testing.
            </summary>
        </member>
        <member name="P:Microsoft.VisualStudio.TestTools.UnitTesting.TestContext.TestRunDirectory">
            <summary>
            Gets base directory for the test run, under which deployed files and result files are stored.
            </summary>
        </member>
        <member name="P:Microsoft.VisualStudio.TestTools.UnitTesting.TestContext.DeploymentDirectory">
            <summary>
            Gets directory for files deployed for the test run. Typically a subdirectory of <see cref="P:Microsoft.VisualStudio.TestTools.UnitTesting.TestContext.TestRunDirectory"/>.
            </summary>
        </member>
        <member name="P:Microsoft.VisualStudio.TestTools.UnitTesting.TestContext.ResultsDirectory">
            <summary>
            Gets base directory for results from the test run. Typically a subdirectory of <see cref="P:Microsoft.VisualStudio.TestTools.UnitTesting.TestContext.TestRunDirectory"/>.
            </summary>
        </member>
        <member name="P:Microsoft.VisualStudio.TestTools.UnitTesting.TestContext.TestRunResultsDirectory">
            <summary>
            Gets directory for test run result files. Typically a subdirectory of <see cref="P:Microsoft.VisualStudio.TestTools.UnitTesting.TestContext.ResultsDirectory"/>.
            </summary>
        </member>
        <member name="P:Microsoft.VisualStudio.TestTools.UnitTesting.TestContext.TestResultsDirectory">
            <summary>
            Gets directory for test result files.
            </summary>
        </member>
        <member name="P:Microsoft.VisualStudio.TestTools.UnitTesting.TestContext.TestDir">
            <summary>
            Gets base directory for the test run, under which deployed files and result files are stored.
            Same as <see cref="P:Microsoft.VisualStudio.TestTools.UnitTesting.TestContext.TestRunDirectory"/>. Onun yerine bu özelliği kullanın.
            </summary>
        </member>
        <member name="P:Microsoft.VisualStudio.TestTools.UnitTesting.TestContext.TestDeploymentDir">
            <summary>
            Gets directory for files deployed for the test run. Typically a subdirectory of <see cref="P:Microsoft.VisualStudio.TestTools.UnitTesting.TestContext.TestRunDirectory"/>.
            Same as <see cref="P:Microsoft.VisualStudio.TestTools.UnitTesting.TestContext.DeploymentDirectory"/>. Onun yerine bu özelliği kullanın.
            </summary>
        </member>
        <member name="P:Microsoft.VisualStudio.TestTools.UnitTesting.TestContext.TestLogsDir">
            <summary>
            Gets directory for test run result files. Typically a subdirectory of <see cref="P:Microsoft.VisualStudio.TestTools.UnitTesting.TestContext.ResultsDirectory"/>.
            Same as <see cref="P:Microsoft.VisualStudio.TestTools.UnitTesting.TestContext.TestRunResultsDirectory"/>. Test çalışması sonuç dosyaları için bu özelliği kullanın veya
            <see cref="P:Microsoft.VisualStudio.TestTools.UnitTesting.TestContext.TestResultsDirectory"/> onun yerine teste özgü sonuç dosyaları için.
            </summary>
        </member>
        <member name="P:Microsoft.VisualStudio.TestTools.UnitTesting.TestContext.FullyQualifiedTestClassName">
            <summary>
            Gets the Fully-qualified name of the class containing the test method currently being executed
            </summary>
        </member>
        <member name="P:Microsoft.VisualStudio.TestTools.UnitTesting.TestContext.TestName">
            <summary>
            Gets the name of the test method currently being executed
            </summary>
        </member>
        <member name="P:Microsoft.VisualStudio.TestTools.UnitTesting.TestContext.CurrentTestOutcome">
            <summary>
            Geçerli test sonucunu alır.
            </summary>
        </member>
        <member name="M:Microsoft.VisualStudio.TestTools.UnitTesting.TestContext.WriteLine(System.String)">
            <summary>
            Test çalışırken izleme iletileri yazmak için kullanılır
            </summary>
            <param name="message">biçimlendirilmiş ileti dizesi</param>
        </member>
        <member name="M:Microsoft.VisualStudio.TestTools.UnitTesting.TestContext.WriteLine(System.String,System.Object[])">
            <summary>
            Test çalışırken izleme iletileri yazmak için kullanılır
            </summary>
            <param name="format">biçim dizesi</param>
            <param name="args">bağımsız değişkenler</param>
        </member>
        <member name="M:Microsoft.VisualStudio.TestTools.UnitTesting.TestContext.AddResultFile(System.String)">
            <summary>
            TestResult.ResultFileNames içindeki listeye bir dosya adı ekler
            </summary>
            <param name="fileName">
            Dosya Adı.
            </param>
        </member>
        <member name="M:Microsoft.VisualStudio.TestTools.UnitTesting.TestContext.BeginTimer(System.String)">
            <summary>
            Belirtilen adla bir zamanlayıcı başlatır
            </summary>
            <param name="timerName"> Name of the timer.</param>
        </member>
        <member name="M:Microsoft.VisualStudio.TestTools.UnitTesting.TestContext.EndTimer(System.String)">
            <summary>
            Belirtilen adla bir zamanlayıcıyı sonlandırır
            </summary>
            <param name="timerName"> Name of the timer.</param>
        </member>
    </members>
</doc>
