<?xml version="1.0"?>
<doc>
    <assembly>
        <name>Microsoft.VisualStudio.TestPlatform.TestFramework.Extensions</name>
    </assembly>
    <members>
        <member name="T:Microsoft.VisualStudio.TestTools.UnitTesting.DeploymentItemAttribute">
            <summary>
            Used to specify deployment item (file or directory) for per-test deployment.
            Can be specified on test class or test method.
            Can have multiple instances of the attribute to specify more than one item.
            The item path can be absolute or relative, if relative, it is relative to RunConfig.RelativePathRoot.
            </summary>
            <example>
            [DeploymentItem("file1.xml")]
            [DeploymentItem("file2.xml", "DataFiles")]
            [DeploymentItem("bin\Debug")]
            </example>
        </member>
        <member name="M:Microsoft.VisualStudio.TestTools.UnitTesting.DeploymentItemAttribute.#ctor(System.String)">
            <summary>
            Initializes a new instance of the <see cref="T:Microsoft.VisualStudio.TestTools.UnitTesting.DeploymentItemAttribute"/> class.
            </summary>
            <param name="path">The file or directory to deploy. The path is relative to the build output directory. The item will be copied to the same directory as the deployed test assemblies.</param>
        </member>
        <member name="M:Microsoft.VisualStudio.TestTools.UnitTesting.DeploymentItemAttribute.#ctor(System.String,System.String)">
            <summary>
            Initializes a new instance of the <see cref="T:Microsoft.VisualStudio.TestTools.UnitTesting.DeploymentItemAttribute"/> class
            </summary>
            <param name="path">The relative or absolute path to the file or directory to deploy. The path is relative to the build output directory. The item will be copied to the same directory as the deployed test assemblies.</param>
            <param name="outputDirectory">The path of the directory to which the items are to be copied. It can be either absolute or relative to the deployment directory. All files and directories identified by <paramref name="path"/> will be copied to this directory.</param>
        </member>
        <member name="P:Microsoft.VisualStudio.TestTools.UnitTesting.DeploymentItemAttribute.Path">
            <summary>
            Gets the path of the source file or folder to be copied.
            </summary>
        </member>
        <member name="P:Microsoft.VisualStudio.TestTools.UnitTesting.DeploymentItemAttribute.OutputDirectory">
            <summary>
            Gets the path of the directory to which the item is copied.
            </summary>
        </member>
        <member name="T:Microsoft.VisualStudio.TestTools.UnitTesting.ConfigurationNames">
            <summary>
            セクション、プロパティ、属性の名前のリテラルが含まれています。
            </summary>
        </member>
        <member name="F:Microsoft.VisualStudio.TestTools.UnitTesting.ConfigurationNames.SectionName">
            <summary>
            The configuration section name.
            </summary>
        </member>
        <member name="F:Microsoft.VisualStudio.TestTools.UnitTesting.ConfigurationNames.Beta2SectionName">
            <summary>
            The configuration section name for Beta2. Left around for compat.
            </summary>
        </member>
        <member name="F:Microsoft.VisualStudio.TestTools.UnitTesting.ConfigurationNames.DataSourcesSectionName">
            <summary>
            Section name for Data source.
            </summary>
        </member>
        <member name="F:Microsoft.VisualStudio.TestTools.UnitTesting.ConfigurationNames.NameAttributeName">
            <summary>
            Attribute name for 'Name'
            </summary>
        </member>
        <member name="F:Microsoft.VisualStudio.TestTools.UnitTesting.ConfigurationNames.ConnectionStringAttributeName">
            <summary>
            Attribute name for 'ConnectionString'
            </summary>
        </member>
        <member name="F:Microsoft.VisualStudio.TestTools.UnitTesting.ConfigurationNames.DataAccessMethodAttributeName">
            <summary>
            Attrbiute name for 'DataAccessMethod'
            </summary>
        </member>
        <member name="F:Microsoft.VisualStudio.TestTools.UnitTesting.ConfigurationNames.DataTableAttributeName">
            <summary>
            Attribute name for 'DataTable'
            </summary>
        </member>
        <member name="T:Microsoft.VisualStudio.TestTools.UnitTesting.DataSourceElement">
            <summary>
            データ ソース要素。
            </summary>
        </member>
        <member name="P:Microsoft.VisualStudio.TestTools.UnitTesting.DataSourceElement.Name">
            <summary>
            Gets or sets the name of this configuration.
            </summary>
        </member>
        <member name="P:Microsoft.VisualStudio.TestTools.UnitTesting.DataSourceElement.ConnectionString">
            <summary>
            Gets or sets the ConnectionStringSettings element in &lt;connectionStrings&gt; section in the .config file.
            </summary>
        </member>
        <member name="P:Microsoft.VisualStudio.TestTools.UnitTesting.DataSourceElement.DataTableName">
            <summary>
            Gets or sets the name of the data table.
            </summary>
        </member>
        <member name="P:Microsoft.VisualStudio.TestTools.UnitTesting.DataSourceElement.DataAccessMethod">
            <summary>
            Gets or sets the type of data access.
            </summary>
        </member>
        <member name="P:Microsoft.VisualStudio.TestTools.UnitTesting.DataSourceElement.Key">
            <summary>
            Gets the key name.
            </summary>
        </member>
        <member name="P:Microsoft.VisualStudio.TestTools.UnitTesting.DataSourceElement.Properties">
            <summary>
            構成プロパティを取得します。
            </summary>
        </member>
        <member name="T:Microsoft.VisualStudio.TestTools.UnitTesting.DataSourceElementCollection">
            <summary>
            データ ソース要素コレクション。
            </summary>
        </member>
        <member name="M:Microsoft.VisualStudio.TestTools.UnitTesting.DataSourceElementCollection.#ctor">
            <summary>
            Initializes a new instance of the <see cref="T:Microsoft.VisualStudio.TestTools.UnitTesting.DataSourceElementCollection"/> class.
            </summary>
        </member>
        <member name="P:Microsoft.VisualStudio.TestTools.UnitTesting.DataSourceElementCollection.Item(System.String)">
            <summary>
            指定したキーを含む構成要素を返します。
            </summary>
            <param name="name">返される要素のキー。</param>
            <returns>指定したキーを持つ System.Configuration.ConfigurationElement。それ以外の場合は、null。</returns>
        </member>
        <member name="P:Microsoft.VisualStudio.TestTools.UnitTesting.DataSourceElementCollection.Item(System.Int32)">
            <summary>
            指定したインデックスの場所の構成要素を取得します。
            </summary>
            <param name="index">返される System.Configuration.ConfigurationElement のインデックスの場所。</param>
        </member>
        <member name="M:Microsoft.VisualStudio.TestTools.UnitTesting.DataSourceElementCollection.Add(Microsoft.VisualStudio.TestTools.UnitTesting.DataSourceElement)">
            <summary>
            構成要素を構成要素コレクションに追加します。
            </summary>
            <param name="element">追加する System.Configuration.ConfigurationElement。</param>
        </member>
        <member name="M:Microsoft.VisualStudio.TestTools.UnitTesting.DataSourceElementCollection.Remove(Microsoft.VisualStudio.TestTools.UnitTesting.DataSourceElement)">
            <summary>
            コレクションから System.Configuration.ConfigurationElement を削除します。
            </summary>
            <param name="element"> <see cref="T:Microsoft.VisualStudio.TestTools.UnitTesting.DataSourceElement"/> 。</param>
        </member>
        <member name="M:Microsoft.VisualStudio.TestTools.UnitTesting.DataSourceElementCollection.Remove(System.String)">
            <summary>
            コレクションから System.Configuration.ConfigurationElement を削除します。
            </summary>
            <param name="name">削除する System.Configuration.ConfigurationElement のキー。</param>
        </member>
        <member name="M:Microsoft.VisualStudio.TestTools.UnitTesting.DataSourceElementCollection.Clear">
            <summary>
            コレクションからすべての構成要素オブジェクトを削除します。
            </summary>
        </member>
        <member name="M:Microsoft.VisualStudio.TestTools.UnitTesting.DataSourceElementCollection.CreateNewElement">
            <summary>
            次を新規作成 <see cref="T:Microsoft.VisualStudio.TestTools.UnitTesting.DataSourceElement"/>。
            </summary>
            <returns>新しい <see cref="T:Microsoft.VisualStudio.TestTools.UnitTesting.DataSourceElement"/>。</returns>
        </member>
        <member name="M:Microsoft.VisualStudio.TestTools.UnitTesting.DataSourceElementCollection.GetElementKey(System.Configuration.ConfigurationElement)">
            <summary>
            指定した構成要素の要素キーを取得します。
            </summary>
            <param name="element">キーを返す対象の System.Configuration.ConfigurationElement。</param>
            <returns>指定した System.Configuration.ConfigurationElement のキーとして機能する System.Object。</returns>
        </member>
        <member name="M:Microsoft.VisualStudio.TestTools.UnitTesting.DataSourceElementCollection.BaseAdd(System.Configuration.ConfigurationElement)">
            <summary>
            構成要素を構成要素コレクションに追加します。
            </summary>
            <param name="element">追加する System.Configuration.ConfigurationElement。</param>
        </member>
        <member name="M:Microsoft.VisualStudio.TestTools.UnitTesting.DataSourceElementCollection.BaseAdd(System.Int32,System.Configuration.ConfigurationElement)">
            <summary>
            構成要素を構成要素コレクションに追加します。
            </summary>
            <param name="index">指定した System.Configuration.ConfigurationElement を追加するインデックスの場所。</param>
            <param name="element">追加する System.Configuration.ConfigurationElement。</param>
        </member>
        <member name="T:Microsoft.VisualStudio.TestTools.UnitTesting.TestConfiguration">
            <summary>
            テストの構成設定のサポート。
            </summary>
        </member>
        <member name="P:Microsoft.VisualStudio.TestTools.UnitTesting.TestConfiguration.ConfigurationSection">
            <summary>
            テスト用の構成セクションを取得します。
            </summary>
        </member>
        <member name="T:Microsoft.VisualStudio.TestTools.UnitTesting.TestConfigurationSection">
            <summary>
            テスト用の構成セクション。
            </summary>
        </member>
        <member name="P:Microsoft.VisualStudio.TestTools.UnitTesting.TestConfigurationSection.DataSources">
            <summary>
            Gets the data sources for this configuration section.
            </summary>
        </member>
        <member name="P:Microsoft.VisualStudio.TestTools.UnitTesting.TestConfigurationSection.Properties">
            <summary>
            プロパティのコレクションを取得します。
            </summary>
            <returns>
            その <see cref="T:System.Configuration.ConfigurationPropertyCollection"/> (要素のプロパティ)。
            </returns>
        </member>
        <member name="T:Microsoft.VisualStudio.TestTools.UnitTesting.PrivateObject">
            <summary>
            This class represents the live NON public INTERNAL object in the system
            </summary>
        </member>
        <member name="M:Microsoft.VisualStudio.TestTools.UnitTesting.PrivateObject.#ctor(System.Object,System.String)">
            <summary>
            Initializes a new instance of the <see cref="T:Microsoft.VisualStudio.TestTools.UnitTesting.PrivateObject"/> class that contains
            the already existing object of the private class
            </summary>
            <param name="obj"> プライベート メンバーに到達するための開始点となるオブジェクト</param>
            <param name="memberToAccess">m_X.m_Y.m_Z として取得するオブジェクトを指し示す "." を使用する逆参照文字列</param>
        </member>
        <member name="M:Microsoft.VisualStudio.TestTools.UnitTesting.PrivateObject.#ctor(System.String,System.String,System.Object[])">
            <summary>
            Initializes a new instance of the <see cref="T:Microsoft.VisualStudio.TestTools.UnitTesting.PrivateObject"/> class that wraps the
            specified type.
            </summary>
            <param name="assemblyName">Name of the assembly</param>
            <param name="typeName">完全修飾名</param>
            <param name="args">コンストラクターに渡す引数</param>
        </member>
        <member name="M:Microsoft.VisualStudio.TestTools.UnitTesting.PrivateObject.#ctor(System.String,System.String,System.Type[],System.Object[])">
            <summary>
            Initializes a new instance of the <see cref="T:Microsoft.VisualStudio.TestTools.UnitTesting.PrivateObject"/> class that wraps the
            specified type.
            </summary>
            <param name="assemblyName">Name of the assembly</param>
            <param name="typeName">完全修飾名</param>
            <param name="parameterTypes">配列: <see cref="T:System.Type"/> 取得するコンストラクターのパラメーターの数、順番、型を表すオブジェクト</param>
            <param name="args">コンストラクターに渡す引数</param>
        </member>
        <member name="M:Microsoft.VisualStudio.TestTools.UnitTesting.PrivateObject.#ctor(System.Type,System.Object[])">
            <summary>
            Initializes a new instance of the <see cref="T:Microsoft.VisualStudio.TestTools.UnitTesting.PrivateObject"/> class that wraps the
            specified type.
            </summary>
            <param name="type">作成するオブジェクトの型</param>
            <param name="args">コンストラクターに渡す引数</param>
        </member>
        <member name="M:Microsoft.VisualStudio.TestTools.UnitTesting.PrivateObject.#ctor(System.Type,System.Type[],System.Object[])">
            <summary>
            Initializes a new instance of the <see cref="T:Microsoft.VisualStudio.TestTools.UnitTesting.PrivateObject"/> class that wraps the
            specified type.
            </summary>
            <param name="type">作成するオブジェクトの型</param>
            <param name="parameterTypes">配列: <see cref="T:System.Type"/> 取得するコンストラクターのパラメーターの数、順番、型を表すオブジェクト</param>
            <param name="args">コンストラクターに渡す引数</param>
        </member>
        <member name="M:Microsoft.VisualStudio.TestTools.UnitTesting.PrivateObject.#ctor(System.Object)">
            <summary>
            Initializes a new instance of the <see cref="T:Microsoft.VisualStudio.TestTools.UnitTesting.PrivateObject"/> class that wraps
            the given object.
            </summary>
            <param name="obj">ラップするオブジェクト</param>
        </member>
        <member name="M:Microsoft.VisualStudio.TestTools.UnitTesting.PrivateObject.#ctor(System.Object,Microsoft.VisualStudio.TestTools.UnitTesting.PrivateType)">
            <summary>
            Initializes a new instance of the <see cref="T:Microsoft.VisualStudio.TestTools.UnitTesting.PrivateObject"/> class that wraps
            the given object.
            </summary>
            <param name="obj">ラップするオブジェクト</param>
            <param name="type">PrivateType オブジェクト</param>
        </member>
        <member name="P:Microsoft.VisualStudio.TestTools.UnitTesting.PrivateObject.Target">
            <summary>
            Gets or sets the target
            </summary>
        </member>
        <member name="P:Microsoft.VisualStudio.TestTools.UnitTesting.PrivateObject.RealType">
            <summary>
            Gets the type of underlying object
            </summary>
        </member>
        <member name="M:Microsoft.VisualStudio.TestTools.UnitTesting.PrivateObject.GetHashCode">
            <summary>
            対象オブジェクトのハッシュ コードを返す
            </summary>
            <returns>対象オブジェクトのハッシュコードを表す int</returns>
        </member>
        <member name="M:Microsoft.VisualStudio.TestTools.UnitTesting.PrivateObject.Equals(System.Object)">
            <summary>
            次の値と等しい
            </summary>
            <param name="obj">比較対象のオブジェクト</param>
            <returns>returns true if the objects are equal.</returns>
        </member>
        <member name="M:Microsoft.VisualStudio.TestTools.UnitTesting.PrivateObject.Invoke(System.String,System.Object[])">
            <summary>
            特定のメソッドを呼び出す
            </summary>
            <param name="name">Name of the method</param>
            <param name="args">呼び出すメンバーに渡す引数。</param>
            <returns>メソッド呼び出しの結果</returns>
        </member>
        <member name="M:Microsoft.VisualStudio.TestTools.UnitTesting.PrivateObject.Invoke(System.String,System.Type[],System.Object[])">
            <summary>
            特定のメソッドを呼び出す
            </summary>
            <param name="name">Name of the method</param>
            <param name="parameterTypes">配列: <see cref="T:System.Type"/> 取得するメソッドのパラメーターの数、順番、型を表すオブジェクト。</param>
            <param name="args">呼び出すメンバーに渡す引数。</param>
            <returns>メソッド呼び出しの結果</returns>
        </member>
        <member name="M:Microsoft.VisualStudio.TestTools.UnitTesting.PrivateObject.Invoke(System.String,System.Type[],System.Object[],System.Type[])">
            <summary>
            特定のメソッドを呼び出す
            </summary>
            <param name="name">Name of the method</param>
            <param name="parameterTypes">配列: <see cref="T:System.Type"/> 取得するメソッドのパラメーターの数、順番、型を表すオブジェクト。</param>
            <param name="args">呼び出すメンバーに渡す引数。</param>
            <param name="typeArguments">ジェネリック引数の型に対応する型の配列。</param>
            <returns>メソッド呼び出しの結果</returns>
        </member>
        <member name="M:Microsoft.VisualStudio.TestTools.UnitTesting.PrivateObject.Invoke(System.String,System.Object[],System.Globalization.CultureInfo)">
            <summary>
            特定のメソッドを呼び出す
            </summary>
            <param name="name">Name of the method</param>
            <param name="args">呼び出すメンバーに渡す引数。</param>
            <param name="culture">カルチャ情報</param>
            <returns>メソッド呼び出しの結果</returns>
        </member>
        <member name="M:Microsoft.VisualStudio.TestTools.UnitTesting.PrivateObject.Invoke(System.String,System.Type[],System.Object[],System.Globalization.CultureInfo)">
            <summary>
            特定のメソッドを呼び出す
            </summary>
            <param name="name">Name of the method</param>
            <param name="parameterTypes">配列: <see cref="T:System.Type"/> 取得するメソッドのパラメーターの数、順番、型を表すオブジェクト。</param>
            <param name="args">呼び出すメンバーに渡す引数。</param>
            <param name="culture">カルチャ情報</param>
            <returns>メソッド呼び出しの結果</returns>
        </member>
        <member name="M:Microsoft.VisualStudio.TestTools.UnitTesting.PrivateObject.Invoke(System.String,System.Reflection.BindingFlags,System.Object[])">
            <summary>
            特定のメソッドを呼び出す
            </summary>
            <param name="name">Name of the method</param>
            <param name="bindingFlags">1 つまたは複数の以下のもので構成されるビットマスク <see cref="T:System.Reflection.BindingFlags"/> 検索の実行方法を指定します。</param>
            <param name="args">呼び出すメンバーに渡す引数。</param>
            <returns>メソッド呼び出しの結果</returns>
        </member>
        <member name="M:Microsoft.VisualStudio.TestTools.UnitTesting.PrivateObject.Invoke(System.String,System.Reflection.BindingFlags,System.Type[],System.Object[])">
            <summary>
            特定のメソッドを呼び出す
            </summary>
            <param name="name">Name of the method</param>
            <param name="bindingFlags">1 つまたは複数の以下のもので構成されるビットマスク <see cref="T:System.Reflection.BindingFlags"/> 検索の実行方法を指定します。</param>
            <param name="parameterTypes">配列: <see cref="T:System.Type"/> 取得するメソッドのパラメーターの数、順番、型を表すオブジェクト。</param>
            <param name="args">呼び出すメンバーに渡す引数。</param>
            <returns>メソッド呼び出しの結果</returns>
        </member>
        <member name="M:Microsoft.VisualStudio.TestTools.UnitTesting.PrivateObject.Invoke(System.String,System.Reflection.BindingFlags,System.Object[],System.Globalization.CultureInfo)">
            <summary>
            特定のメソッドを呼び出す
            </summary>
            <param name="name">Name of the method</param>
            <param name="bindingFlags">1 つまたは複数の以下のもので構成されるビットマスク <see cref="T:System.Reflection.BindingFlags"/> 検索の実行方法を指定します。</param>
            <param name="args">呼び出すメンバーに渡す引数。</param>
            <param name="culture">カルチャ情報</param>
            <returns>メソッド呼び出しの結果</returns>
        </member>
        <member name="M:Microsoft.VisualStudio.TestTools.UnitTesting.PrivateObject.Invoke(System.String,System.Reflection.BindingFlags,System.Type[],System.Object[],System.Globalization.CultureInfo)">
            <summary>
            特定のメソッドを呼び出す
            </summary>
            <param name="name">Name of the method</param>
            <param name="bindingFlags">1 つまたは複数の以下のもので構成されるビットマスク <see cref="T:System.Reflection.BindingFlags"/> 検索の実行方法を指定します。</param>
            <param name="parameterTypes">配列: <see cref="T:System.Type"/> 取得するメソッドのパラメーターの数、順番、型を表すオブジェクト。</param>
            <param name="args">呼び出すメンバーに渡す引数。</param>
            <param name="culture">カルチャ情報</param>
            <returns>メソッド呼び出しの結果</returns>
        </member>
        <member name="M:Microsoft.VisualStudio.TestTools.UnitTesting.PrivateObject.Invoke(System.String,System.Reflection.BindingFlags,System.Type[],System.Object[],System.Globalization.CultureInfo,System.Type[])">
            <summary>
            特定のメソッドを呼び出す
            </summary>
            <param name="name">メソッドの名前</param>
            <param name="bindingFlags">1 つまたは複数の以下のもので構成されるビットマスク <see cref="T:System.Reflection.BindingFlags"/> 検索の実行方法を指定します。</param>
            <param name="parameterTypes">配列: <see cref="T:System.Type"/> 取得するメソッドのパラメーターの数、順番、型を表すオブジェクト。</param>
            <param name="args">呼び出すメンバーに渡す引数。</param>
            <param name="culture">カルチャ情報</param>
            <param name="typeArguments">ジェネリック引数の型に対応する型の配列。</param>
            <returns>メソッド呼び出しの結果</returns>
        </member>
        <member name="M:Microsoft.VisualStudio.TestTools.UnitTesting.PrivateObject.GetArrayElement(System.String,System.Int32[])">
            <summary>
            Gets the array element using array of subsrcipts for each dimension
            </summary>
            <param name="name">Name of the member</param>
            <param name="indices">配列のインデックス</param>
            <returns>An arrya of elements.</returns>
        </member>
        <member name="M:Microsoft.VisualStudio.TestTools.UnitTesting.PrivateObject.SetArrayElement(System.String,System.Object,System.Int32[])">
            <summary>
            Sets the array element using array of subsrcipts for each dimension
            </summary>
            <param name="name">Name of the member</param>
            <param name="value">設定する値</param>
            <param name="indices">配列のインデックス</param>
        </member>
        <member name="M:Microsoft.VisualStudio.TestTools.UnitTesting.PrivateObject.GetArrayElement(System.String,System.Reflection.BindingFlags,System.Int32[])">
            <summary>
            Gets the array element using array of subsrcipts for each dimension
            </summary>
            <param name="name">Name of the member</param>
            <param name="bindingFlags">1 つまたは複数の以下のもので構成されるビットマスク <see cref="T:System.Reflection.BindingFlags"/> 検索の実行方法を指定します。</param>
            <param name="indices">配列のインデックス</param>
            <returns>An arrya of elements.</returns>
        </member>
        <member name="M:Microsoft.VisualStudio.TestTools.UnitTesting.PrivateObject.SetArrayElement(System.String,System.Reflection.BindingFlags,System.Object,System.Int32[])">
            <summary>
            Sets the array element using array of subsrcipts for each dimension
            </summary>
            <param name="name">Name of the member</param>
            <param name="bindingFlags">1 つまたは複数の以下のもので構成されるビットマスク <see cref="T:System.Reflection.BindingFlags"/> 検索の実行方法を指定します。</param>
            <param name="value">設定する値</param>
            <param name="indices">配列のインデックス</param>
        </member>
        <member name="M:Microsoft.VisualStudio.TestTools.UnitTesting.PrivateObject.GetField(System.String)">
            <summary>
            フィールドを取得する
            </summary>
            <param name="name">Name of the field</param>
            <returns>The field.</returns>
        </member>
        <member name="M:Microsoft.VisualStudio.TestTools.UnitTesting.PrivateObject.SetField(System.String,System.Object)">
            <summary>
            フィールドを設定する
            </summary>
            <param name="name">Name of the field</param>
            <param name="value">設定する値</param>
        </member>
        <member name="M:Microsoft.VisualStudio.TestTools.UnitTesting.PrivateObject.GetField(System.String,System.Reflection.BindingFlags)">
            <summary>
            フィールドを取得する
            </summary>
            <param name="name">Name of the field</param>
            <param name="bindingFlags">1 つまたは複数の以下のもので構成されるビットマスク <see cref="T:System.Reflection.BindingFlags"/> 検索の実行方法を指定します。</param>
            <returns>The field.</returns>
        </member>
        <member name="M:Microsoft.VisualStudio.TestTools.UnitTesting.PrivateObject.SetField(System.String,System.Reflection.BindingFlags,System.Object)">
            <summary>
            フィールドを設定する
            </summary>
            <param name="name">Name of the field</param>
            <param name="bindingFlags">1 つまたは複数の以下のもので構成されるビットマスク <see cref="T:System.Reflection.BindingFlags"/> 検索の実行方法を指定します。</param>
            <param name="value">設定する値</param>
        </member>
        <member name="M:Microsoft.VisualStudio.TestTools.UnitTesting.PrivateObject.GetFieldOrProperty(System.String)">
            <summary>
            フィールドまたはプロパティを取得する
            </summary>
            <param name="name">フィールドまたはプロパティの名前</param>
            <returns>The field or property.</returns>
        </member>
        <member name="M:Microsoft.VisualStudio.TestTools.UnitTesting.PrivateObject.SetFieldOrProperty(System.String,System.Object)">
            <summary>
            フィールドまたはプロパティを設定する
            </summary>
            <param name="name">フィールドまたはプロパティの名前</param>
            <param name="value">設定する値</param>
        </member>
        <member name="M:Microsoft.VisualStudio.TestTools.UnitTesting.PrivateObject.GetFieldOrProperty(System.String,System.Reflection.BindingFlags)">
            <summary>
            フィールドまたはプロパティを取得する
            </summary>
            <param name="name">フィールドまたはプロパティの名前</param>
            <param name="bindingFlags">1 つまたは複数の以下のもので構成されるビットマスク <see cref="T:System.Reflection.BindingFlags"/> 検索の実行方法を指定します。</param>
            <returns>The field or property.</returns>
        </member>
        <member name="M:Microsoft.VisualStudio.TestTools.UnitTesting.PrivateObject.SetFieldOrProperty(System.String,System.Reflection.BindingFlags,System.Object)">
            <summary>
            フィールドまたはプロパティを設定する
            </summary>
            <param name="name">フィールドまたはプロパティの名前</param>
            <param name="bindingFlags">1 つまたは複数の以下のもので構成されるビットマスク <see cref="T:System.Reflection.BindingFlags"/> 検索の実行方法を指定します。</param>
            <param name="value">設定する値</param>
        </member>
        <member name="M:Microsoft.VisualStudio.TestTools.UnitTesting.PrivateObject.GetProperty(System.String,System.Object[])">
            <summary>
            プロパティを取得する
            </summary>
            <param name="name">プロパティの名前</param>
            <param name="args">呼び出すメンバーに渡す引数。</param>
            <returns>The property.</returns>
        </member>
        <member name="M:Microsoft.VisualStudio.TestTools.UnitTesting.PrivateObject.GetProperty(System.String,System.Type[],System.Object[])">
            <summary>
            プロパティを取得する
            </summary>
            <param name="name">プロパティの名前</param>
            <param name="parameterTypes">配列: <see cref="T:System.Type"/> インデックス付きプロパティのパラメーターの数、順番、型を表すオブジェクト。</param>
            <param name="args">呼び出すメンバーに渡す引数。</param>
            <returns>The property.</returns>
        </member>
        <member name="M:Microsoft.VisualStudio.TestTools.UnitTesting.PrivateObject.SetProperty(System.String,System.Object,System.Object[])">
            <summary>
            プロパティを設定する
            </summary>
            <param name="name">プロパティの名前</param>
            <param name="value">設定する値</param>
            <param name="args">呼び出すメンバーに渡す引数。</param>
        </member>
        <member name="M:Microsoft.VisualStudio.TestTools.UnitTesting.PrivateObject.SetProperty(System.String,System.Type[],System.Object,System.Object[])">
            <summary>
            プロパティを設定する
            </summary>
            <param name="name">プロパティの名前</param>
            <param name="parameterTypes">配列: <see cref="T:System.Type"/> インデックス付きプロパティのパラメーターの数、順番、型を表すオブジェクト。</param>
            <param name="value">設定する値</param>
            <param name="args">呼び出すメンバーに渡す引数。</param>
        </member>
        <member name="M:Microsoft.VisualStudio.TestTools.UnitTesting.PrivateObject.GetProperty(System.String,System.Reflection.BindingFlags,System.Object[])">
            <summary>
            プロパティを取得する
            </summary>
            <param name="name">Name of the property</param>
            <param name="bindingFlags">1 つまたは複数の以下のもので構成されるビットマスク <see cref="T:System.Reflection.BindingFlags"/> 検索の実行方法を指定します。</param>
            <param name="args">呼び出すメンバーに渡す引数。</param>
            <returns>The property.</returns>
        </member>
        <member name="M:Microsoft.VisualStudio.TestTools.UnitTesting.PrivateObject.GetProperty(System.String,System.Reflection.BindingFlags,System.Type[],System.Object[])">
            <summary>
            プロパティを取得する
            </summary>
            <param name="name">Name of the property</param>
            <param name="bindingFlags">1 つまたは複数の以下のもので構成されるビットマスク <see cref="T:System.Reflection.BindingFlags"/> 検索の実行方法を指定します。</param>
            <param name="parameterTypes">配列: <see cref="T:System.Type"/> インデックス付きプロパティのパラメーターの数、順番、型を表すオブジェクト。</param>
            <param name="args">呼び出すメンバーに渡す引数。</param>
            <returns>The property.</returns>
        </member>
        <member name="M:Microsoft.VisualStudio.TestTools.UnitTesting.PrivateObject.SetProperty(System.String,System.Reflection.BindingFlags,System.Object,System.Object[])">
            <summary>
            プロパティを設定する
            </summary>
            <param name="name">プロパティの名前</param>
            <param name="bindingFlags">1 つまたは複数の以下のもので構成されるビットマスク <see cref="T:System.Reflection.BindingFlags"/> 検索の実行方法を指定します。</param>
            <param name="value">設定する値</param>
            <param name="args">呼び出すメンバーに渡す引数。</param>
        </member>
        <member name="M:Microsoft.VisualStudio.TestTools.UnitTesting.PrivateObject.SetProperty(System.String,System.Reflection.BindingFlags,System.Object,System.Type[],System.Object[])">
            <summary>
            プロパティを設定する
            </summary>
            <param name="name">プロパティの名前</param>
            <param name="bindingFlags">1 つまたは複数の以下のもので構成されるビットマスク <see cref="T:System.Reflection.BindingFlags"/> 検索の実行方法を指定します。</param>
            <param name="value">設定する値</param>
            <param name="parameterTypes">配列: <see cref="T:System.Type"/> インデックス付きプロパティのパラメーターの数、順番、型を表すオブジェクト。</param>
            <param name="args">呼び出すメンバーに渡す引数。</param>
        </member>
        <member name="M:Microsoft.VisualStudio.TestTools.UnitTesting.PrivateObject.ValidateAccessString(System.String)">
            <summary>
            アクセス文字列を検証する
            </summary>
            <param name="access"> アクセス文字列</param>
        </member>
        <member name="M:Microsoft.VisualStudio.TestTools.UnitTesting.PrivateObject.InvokeHelper(System.String,System.Reflection.BindingFlags,System.Object[],System.Globalization.CultureInfo)">
            <summary>
            メンバーを呼び出す
            </summary>
            <param name="name">Name of the member</param>
            <param name="bindingFlags">追加の属性</param>
            <param name="args">呼び出しの引数</param>
            <param name="culture">カルチャ</param>
            <returns>呼び出しの結果</returns>
        </member>
        <member name="M:Microsoft.VisualStudio.TestTools.UnitTesting.PrivateObject.GetGenericMethodFromCache(System.String,System.Type[],System.Type[],System.Reflection.BindingFlags,System.Reflection.ParameterModifier[])">
            <summary>
            現在のプライベート型から最も適切なジェネリック メソッド シグネチャを抽出します。
            </summary>
            <param name="methodName">シグネチャ キャッシュを検索するメソッドの名前。</param>
            <param name="parameterTypes">検索対象のパラメーターの型に対応する型の配列。</param>
            <param name="typeArguments">ジェネリック引数の型に対応する型の配列。</param>
            <param name="bindingFlags"><see cref="T:System.Reflection.BindingFlags"/> メソッド シグネチャをさらにフィルターするため。</param>
            <param name="modifiers">Modifiers for parameters.</param>
            <returns>A methodinfo instance.</returns>
        </member>
        <member name="T:Microsoft.VisualStudio.TestTools.UnitTesting.PrivateType">
            <summary>
            This class represents a private class for the Private Accessor functionality.
            </summary>
        </member>
        <member name="F:Microsoft.VisualStudio.TestTools.UnitTesting.PrivateType.BindToEveryThing">
            <summary>
            すべてにバインドする
            </summary>
        </member>
        <member name="F:Microsoft.VisualStudio.TestTools.UnitTesting.PrivateType.type">
            <summary>
            The wrapped type.
            </summary>
        </member>
        <member name="M:Microsoft.VisualStudio.TestTools.UnitTesting.PrivateType.#ctor(System.String,System.String)">
            <summary>
            Initializes a new instance of the <see cref="T:Microsoft.VisualStudio.TestTools.UnitTesting.PrivateType"/> class that contains the private type.
            </summary>
            <param name="assemblyName">アセンブリ名</param>
            <param name="typeName">完全修飾名: </param>
        </member>
        <member name="M:Microsoft.VisualStudio.TestTools.UnitTesting.PrivateType.#ctor(System.Type)">
            <summary>
            Initializes a new instance of the <see cref="T:Microsoft.VisualStudio.TestTools.UnitTesting.PrivateType"/> class that contains
            the private type from the type object
            </summary>
            <param name="type">作成するラップされた型。</param>
        </member>
        <member name="P:Microsoft.VisualStudio.TestTools.UnitTesting.PrivateType.ReferencedType">
            <summary>
            参照型を取得する
            </summary>
        </member>
        <member name="M:Microsoft.VisualStudio.TestTools.UnitTesting.PrivateType.InvokeStatic(System.String,System.Object[])">
            <summary>
            静的メンバーを呼び出す
            </summary>
            <param name="name">InvokeHelper に対するメンバーの名前</param>
            <param name="args">呼び出しに対する引数</param>
            <returns>呼び出しの結果</returns>
        </member>
        <member name="M:Microsoft.VisualStudio.TestTools.UnitTesting.PrivateType.InvokeStatic(System.String,System.Type[],System.Object[])">
            <summary>
            静的メンバーを呼び出す
            </summary>
            <param name="name">InvokeHelper に対するメンバーの名前</param>
            <param name="parameterTypes">配列: <see cref="T:System.Type"/> 呼び出すメソッドのパラメーターの数値、順序、および型を表すオブジェクト</param>
            <param name="args">呼び出しに対する引数</param>
            <returns>呼び出しの結果</returns>
        </member>
        <member name="M:Microsoft.VisualStudio.TestTools.UnitTesting.PrivateType.InvokeStatic(System.String,System.Type[],System.Object[],System.Type[])">
            <summary>
            静的メンバーを呼び出す
            </summary>
            <param name="name">InvokeHelper に対するメンバーの名前</param>
            <param name="parameterTypes">配列: <see cref="T:System.Type"/> 呼び出すメソッドのパラメーターの数値、順序、および型を表すオブジェクト</param>
            <param name="args">呼び出しに対する引数</param>
            <param name="typeArguments">ジェネリック引数の型に対応する型の配列。</param>
            <returns>呼び出しの結果</returns>
        </member>
        <member name="M:Microsoft.VisualStudio.TestTools.UnitTesting.PrivateType.InvokeStatic(System.String,System.Object[],System.Globalization.CultureInfo)">
            <summary>
            静的メソッドを呼び出す
            </summary>
            <param name="name">Name of the member</param>
            <param name="args">呼び出しに対する引数</param>
            <param name="culture">カルチャ</param>
            <returns>呼び出しの結果</returns>
        </member>
        <member name="M:Microsoft.VisualStudio.TestTools.UnitTesting.PrivateType.InvokeStatic(System.String,System.Type[],System.Object[],System.Globalization.CultureInfo)">
            <summary>
            静的メソッドを呼び出す
            </summary>
            <param name="name">Name of the member</param>
            <param name="parameterTypes">配列: <see cref="T:System.Type"/> 呼び出すメソッドのパラメーターの数値、順序、および型を表すオブジェクト</param>
            <param name="args">呼び出しに対する引数</param>
            <param name="culture">カルチャ情報</param>
            <returns>呼び出しの結果</returns>
        </member>
        <member name="M:Microsoft.VisualStudio.TestTools.UnitTesting.PrivateType.InvokeStatic(System.String,System.Reflection.BindingFlags,System.Object[])">
            <summary>
            静的メソッドを呼び出す
            </summary>
            <param name="name">Name of the member</param>
            <param name="bindingFlags">追加の呼び出し属性</param>
            <param name="args">呼び出しに対する引数</param>
            <returns>呼び出しの結果</returns>
        </member>
        <member name="M:Microsoft.VisualStudio.TestTools.UnitTesting.PrivateType.InvokeStatic(System.String,System.Reflection.BindingFlags,System.Type[],System.Object[])">
            <summary>
            静的メソッドを呼び出す
            </summary>
            <param name="name">Name of the member</param>
            <param name="bindingFlags">追加の呼び出し属性</param>
            <param name="parameterTypes">配列: <see cref="T:System.Type"/> 呼び出すメソッドのパラメーターの数値、順序、および型を表すオブジェクト</param>
            <param name="args">呼び出しに対する引数</param>
            <returns>呼び出しの結果</returns>
        </member>
        <member name="M:Microsoft.VisualStudio.TestTools.UnitTesting.PrivateType.InvokeStatic(System.String,System.Reflection.BindingFlags,System.Object[],System.Globalization.CultureInfo)">
            <summary>
            静的メソッドを呼び出す
            </summary>
            <param name="name">メンバーの名前</param>
            <param name="bindingFlags">追加の呼び出し属性</param>
            <param name="args">呼び出しに対する引数</param>
            <param name="culture">カルチャ</param>
            <returns>呼び出しの結果</returns>
        </member>
        <member name="M:Microsoft.VisualStudio.TestTools.UnitTesting.PrivateType.InvokeStatic(System.String,System.Reflection.BindingFlags,System.Type[],System.Object[],System.Globalization.CultureInfo)">
            <summary>
            静的メソッドを呼び出す
            </summary>
            <param name="name">メンバーの名前</param>
            <param name="bindingFlags">追加の呼び出し属性</param>
            /// <param name="parameterTypes">配列: <see cref="T:System.Type"/> 呼び出すメソッドのパラメーターの数値、順序、および型を表すオブジェクト</param>
            <param name="args">呼び出しに対する引数</param>
            <param name="culture">カルチャ</param>
            <returns>呼び出しの結果</returns>
        </member>
        <member name="M:Microsoft.VisualStudio.TestTools.UnitTesting.PrivateType.InvokeStatic(System.String,System.Reflection.BindingFlags,System.Type[],System.Object[],System.Globalization.CultureInfo,System.Type[])">
            <summary>
            静的メソッドを呼び出す
            </summary>
            <param name="name">メンバーの名前</param>
            <param name="bindingFlags">追加の呼び出し属性</param>
            /// <param name="parameterTypes">配列: <see cref="T:System.Type"/> 呼び出すメソッドのパラメーターの数値、順序、および型を表すオブジェクト</param>
            <param name="args">呼び出しに対する引数</param>
            <param name="culture">カルチャ</param>
            <param name="typeArguments">ジェネリック引数の型に対応する型の配列。</param>
            <returns>呼び出しの結果</returns>
        </member>
        <member name="M:Microsoft.VisualStudio.TestTools.UnitTesting.PrivateType.GetStaticArrayElement(System.String,System.Int32[])">
            <summary>
            静的配列内の要素を取得する
            </summary>
            <param name="name">Name of the array</param>
            <param name="indices">
            取得する要素の位置を指定するインデックスを表す 32 ビット整数
            の 1 次元配列。たとえば、[10][11] にアクセスする場合には、インデックスは {10,11} になります
            </param>
            <returns>指定した場所の要素</returns>
        </member>
        <member name="M:Microsoft.VisualStudio.TestTools.UnitTesting.PrivateType.SetStaticArrayElement(System.String,System.Object,System.Int32[])">
            <summary>
            静的配列のメンバーを設定する
            </summary>
            <param name="name">Name of the array</param>
            <param name="value">設定する値</param>
            <param name="indices">
            設定する要素の位置を指定するインデックスを表す 32 ビット整数
            の 1 次元配列。たとえば、[10][11] にアクセスする場合には、配列は {10,11} になります
            </param>
        </member>
        <member name="M:Microsoft.VisualStudio.TestTools.UnitTesting.PrivateType.GetStaticArrayElement(System.String,System.Reflection.BindingFlags,System.Int32[])">
            <summary>
            Gets the element in satatic array
            </summary>
            <param name="name">Name of the array</param>
            <param name="bindingFlags">追加の InvokeHelper 属性</param>
            <param name="indices">
            取得する要素の位置を指定するインデックスを表す 32 ビット整数
            の 1 次元配列。たとえば、[10][11] にアクセスする場合には、配列は {10,11} になります
            </param>
            <returns>指定した場所の要素</returns>
        </member>
        <member name="M:Microsoft.VisualStudio.TestTools.UnitTesting.PrivateType.SetStaticArrayElement(System.String,System.Reflection.BindingFlags,System.Object,System.Int32[])">
            <summary>
            静的配列のメンバーを設定する
            </summary>
            <param name="name">Name of the array</param>
            <param name="bindingFlags">追加の InvokeHelper 属性</param>
            <param name="value">設定する値</param>
            <param name="indices">
            設定する要素の位置を指定するインデックスを表す 32 ビット整数
            の 1 次元配列。たとえば、[10][11] にアクセスする場合には、配列は {10,11} になります
            </param>
        </member>
        <member name="M:Microsoft.VisualStudio.TestTools.UnitTesting.PrivateType.GetStaticField(System.String)">
            <summary>
            静的フィールドを取得する
            </summary>
            <param name="name">フィールドの名前</param>
            <returns>The static field.</returns>
        </member>
        <member name="M:Microsoft.VisualStudio.TestTools.UnitTesting.PrivateType.SetStaticField(System.String,System.Object)">
            <summary>
            静的フィールドを設定する
            </summary>
            <param name="name">フィールドの名前</param>
            <param name="value">呼び出しに対する引数</param>
        </member>
        <member name="M:Microsoft.VisualStudio.TestTools.UnitTesting.PrivateType.GetStaticField(System.String,System.Reflection.BindingFlags)">
            <summary>
            指定した InvokeHelper 属性を使用して静的フィールドを取得する
            </summary>
            <param name="name">フィールドの名前</param>
            <param name="bindingFlags">追加の呼び出し属性</param>
            <returns>The static field.</returns>
        </member>
        <member name="M:Microsoft.VisualStudio.TestTools.UnitTesting.PrivateType.SetStaticField(System.String,System.Reflection.BindingFlags,System.Object)">
            <summary>
            バインド属性を使用して静的フィールドを設定する
            </summary>
            <param name="name">フィールドの名前</param>
            <param name="bindingFlags">追加の InvokeHelper 属性</param>
            <param name="value">呼び出しに対する引数</param>
        </member>
        <member name="M:Microsoft.VisualStudio.TestTools.UnitTesting.PrivateType.GetStaticFieldOrProperty(System.String)">
            <summary>
            静的フィールドまたは静的プロパティを取得する
            </summary>
            <param name="name">フィールドまたはプロパティの名前</param>
            <returns>The static field or property.</returns>
        </member>
        <member name="M:Microsoft.VisualStudio.TestTools.UnitTesting.PrivateType.SetStaticFieldOrProperty(System.String,System.Object)">
            <summary>
            静的フィールドまたは静的プロパティを設定する
            </summary>
            <param name="name">フィールドまたはプロパティの名前</param>
            <param name="value">フィールドまたはプロパティに設定する値</param>
        </member>
        <member name="M:Microsoft.VisualStudio.TestTools.UnitTesting.PrivateType.GetStaticFieldOrProperty(System.String,System.Reflection.BindingFlags)">
            <summary>
            指定した InvokeHelper 属性を使用して、静的フィールドまたは静的プロパティを取得する
            </summary>
            <param name="name">フィールドまたはプロパティの名前</param>
            <param name="bindingFlags">追加の呼び出し属性</param>
            <returns>The static field or property.</returns>
        </member>
        <member name="M:Microsoft.VisualStudio.TestTools.UnitTesting.PrivateType.SetStaticFieldOrProperty(System.String,System.Reflection.BindingFlags,System.Object)">
            <summary>
            バインド属性を使用して、静的フィールドまたは静的プロパティを取得する
            </summary>
            <param name="name">フィールドまたはプロパティの名前</param>
            <param name="bindingFlags">追加の呼び出し属性</param>
            <param name="value">フィールドまたはプロパティに設定する値</param>
        </member>
        <member name="M:Microsoft.VisualStudio.TestTools.UnitTesting.PrivateType.GetStaticProperty(System.String,System.Object[])">
            <summary>
            静的プロパティを取得する
            </summary>
            <param name="name">フィールドまたはプロパティの名前</param>
            <param name="args">呼び出しに対する引数</param>
            <returns>The static property.</returns>
        </member>
        <member name="M:Microsoft.VisualStudio.TestTools.UnitTesting.PrivateType.SetStaticProperty(System.String,System.Object,System.Object[])">
            <summary>
            静的プロパティを設定する
            </summary>
            <param name="name">プロパティの名前</param>
            <param name="value">フィールドまたはプロパティに設定する値</param>
            <param name="args">呼び出すメンバーに渡す引数。</param>
        </member>
        <member name="M:Microsoft.VisualStudio.TestTools.UnitTesting.PrivateType.SetStaticProperty(System.String,System.Object,System.Type[],System.Object[])">
            <summary>
            静的プロパティを設定する
            </summary>
            <param name="name">プロパティの名前</param>
            <param name="value">フィールドまたはプロパティに設定する値</param>
            <param name="parameterTypes">配列: <see cref="T:System.Type"/> インデックス付きプロパティのパラメーターの数、順番、型を表すオブジェクト。</param>
            <param name="args">呼び出すメンバーに渡す引数。</param>
        </member>
        <member name="M:Microsoft.VisualStudio.TestTools.UnitTesting.PrivateType.GetStaticProperty(System.String,System.Reflection.BindingFlags,System.Object[])">
            <summary>
            静的プロパティを取得する
            </summary>
            <param name="name">プロパティの名前</param>
            <param name="bindingFlags">追加の呼び出し属性。</param>
            <param name="args">呼び出すメンバーに渡す引数。</param>
            <returns>The static property.</returns>
        </member>
        <member name="M:Microsoft.VisualStudio.TestTools.UnitTesting.PrivateType.GetStaticProperty(System.String,System.Reflection.BindingFlags,System.Type[],System.Object[])">
            <summary>
            静的プロパティを取得する
            </summary>
            <param name="name">プロパティの名前</param>
            <param name="bindingFlags">追加の呼び出し属性。</param>
            <param name="parameterTypes">配列: <see cref="T:System.Type"/> インデックス付きプロパティのパラメーターの数、順番、型を表すオブジェクト。</param>
            <param name="args">呼び出すメンバーに渡す引数。</param>
            <returns>The static property.</returns>
        </member>
        <member name="M:Microsoft.VisualStudio.TestTools.UnitTesting.PrivateType.SetStaticProperty(System.String,System.Reflection.BindingFlags,System.Object,System.Object[])">
            <summary>
            静的プロパティを設定する
            </summary>
            <param name="name">プロパティの名前</param>
            <param name="bindingFlags">追加の呼び出し属性。</param>
            <param name="value">フィールドまたはプロパティに設定する値</param>
            <param name="args">インデックス付きプロパティのオプションのインデックス値。インデックス付きプロパティのインデックスは 0 から始まります。インデックスのないプロパティについては、この値は null である必要があります。 </param>
        </member>
        <member name="M:Microsoft.VisualStudio.TestTools.UnitTesting.PrivateType.SetStaticProperty(System.String,System.Reflection.BindingFlags,System.Object,System.Type[],System.Object[])">
            <summary>
            静的プロパティを設定する
            </summary>
            <param name="name">プロパティの名前</param>
            <param name="bindingFlags">追加の呼び出し属性。</param>
            <param name="value">フィールドまたはプロパティに設定する値</param>
            <param name="parameterTypes">配列: <see cref="T:System.Type"/> インデックス付きプロパティのパラメーターの数、順番、型を表すオブジェクト。</param>
            <param name="args">呼び出すメンバーに渡す引数。</param>
        </member>
        <member name="M:Microsoft.VisualStudio.TestTools.UnitTesting.PrivateType.InvokeHelperStatic(System.String,System.Reflection.BindingFlags,System.Object[],System.Globalization.CultureInfo)">
            <summary>
            静的メソッドを呼び出す
            </summary>
            <param name="name">メンバーの名前</param>
            <param name="bindingFlags">追加の呼び出し属性</param>
            <param name="args">呼び出しに対する引数</param>
            <param name="culture">カルチャ</param>
            <returns>呼び出しの結果</returns>
        </member>
        <member name="T:Microsoft.VisualStudio.TestTools.UnitTesting.RuntimeTypeHelper">
            <summary>
            ジェネリック メソッドのメソッド シグネチャを検出します。
            </summary>
        </member>
        <member name="M:Microsoft.VisualStudio.TestTools.UnitTesting.RuntimeTypeHelper.CompareMethodSigAndName(System.Reflection.MethodBase,System.Reflection.MethodBase)">
            <summary>
            Compares the method signatures of these two methods.
            </summary>
            <param name="m1">Method1</param>
            <param name="m2">Method2</param>
            <returns>True if they are similiar.</returns>
        </member>
        <member name="M:Microsoft.VisualStudio.TestTools.UnitTesting.RuntimeTypeHelper.GetHierarchyDepth(System.Type)">
            <summary>
            Gets the hierarchy depty from the base type of the provided type.
            </summary>
            <param name="t">The type.</param>
            <returns>The depth.</returns>
        </member>
        <member name="M:Microsoft.VisualStudio.TestTools.UnitTesting.RuntimeTypeHelper.FindMostDerivedNewSlotMeth(System.Reflection.MethodBase[],System.Int32)">
            <summary>
            Finds most dervied type with the provided information.
            </summary>
            <param name="match">Candidate matches.</param>
            <param name="cMatches">Number of matches.</param>
            <returns>The most derived method.</returns>
        </member>
        <member name="M:Microsoft.VisualStudio.TestTools.UnitTesting.RuntimeTypeHelper.SelectMethod(System.Reflection.BindingFlags,System.Reflection.MethodBase[],System.Type[],System.Reflection.ParameterModifier[])">
            <summary>
            基本条件に一致するメソッドのセットを指定して、型の配列に
            基づいてメソッドを選択します。条件に
            一致するメソッドがない場合、このメソッドは null を返す必要があります。
            </summary>
            <param name="bindingAttr">Binding specification.</param>
            <param name="match">Candidate matches</param>
            <param name="types">Types</param>
            <param name="modifiers">Parameter modifiers.</param>
            <returns>Matching method. Null if none matches.</returns>
        </member>
        <member name="M:Microsoft.VisualStudio.TestTools.UnitTesting.RuntimeTypeHelper.FindMostSpecificMethod(System.Reflection.MethodBase,System.Int32[],System.Type,System.Reflection.MethodBase,System.Int32[],System.Type,System.Type[],System.Object[])">
            <summary>
            Finds the most specific method in the two methods provided.
            </summary>
            <param name="m1">Method 1</param>
            <param name="paramOrder1">Parameter order for Method 1</param>
            <param name="paramArrayType1">Paramter array type.</param>
            <param name="m2">Method 2</param>
            <param name="paramOrder2">Parameter order for Method 2</param>
            <param name="paramArrayType2">&gt;Paramter array type.</param>
            <param name="types">Types to search in.</param>
            <param name="args">Args.</param>
            <returns>An int representing the match.</returns>
        </member>
        <member name="M:Microsoft.VisualStudio.TestTools.UnitTesting.RuntimeTypeHelper.FindMostSpecific(System.Reflection.ParameterInfo[],System.Int32[],System.Type,System.Reflection.ParameterInfo[],System.Int32[],System.Type,System.Type[],System.Object[])">
            <summary>
            Finds the most specific method in the two methods provided.
            </summary>
            <param name="p1">Method 1</param>
            <param name="paramOrder1">Parameter order for Method 1</param>
            <param name="paramArrayType1">Paramter array type.</param>
            <param name="p2">Method 2</param>
            <param name="paramOrder2">Parameter order for Method 2</param>
            <param name="paramArrayType2">&gt;Paramter array type.</param>
            <param name="types">Types to search in.</param>
            <param name="args">Args.</param>
            <returns>An int representing the match.</returns>
        </member>
        <member name="M:Microsoft.VisualStudio.TestTools.UnitTesting.RuntimeTypeHelper.FindMostSpecificType(System.Type,System.Type,System.Type)">
            <summary>
            Finds the most specific type in the two provided.
            </summary>
            <param name="c1">Type 1</param>
            <param name="c2">Type 2</param>
            <param name="t">The defining type</param>
            <returns>An int representing the match.</returns>
        </member>
        <member name="T:Microsoft.VisualStudio.TestTools.UnitTesting.TestContext">
            <summary>
            単体テストに提供される情報を保存するために使用されます。
            </summary>
        </member>
        <member name="P:Microsoft.VisualStudio.TestTools.UnitTesting.TestContext.Properties">
            <summary>
            Gets per test properties
            </summary>
        </member>
        <member name="P:Microsoft.VisualStudio.TestTools.UnitTesting.TestContext.DataRow">
            <summary>
            Gets the current data row when test is used for data driven testing.
            </summary>
        </member>
        <member name="P:Microsoft.VisualStudio.TestTools.UnitTesting.TestContext.DataConnection">
            <summary>
            Gets current data connection row when test is used for data driven testing.
            </summary>
        </member>
        <member name="P:Microsoft.VisualStudio.TestTools.UnitTesting.TestContext.TestRunDirectory">
            <summary>
            Gets base directory for the test run, under which deployed files and result files are stored.
            </summary>
        </member>
        <member name="P:Microsoft.VisualStudio.TestTools.UnitTesting.TestContext.DeploymentDirectory">
            <summary>
            Gets directory for files deployed for the test run. Typically a subdirectory of <see cref="P:Microsoft.VisualStudio.TestTools.UnitTesting.TestContext.TestRunDirectory"/>。
            </summary>
        </member>
        <member name="P:Microsoft.VisualStudio.TestTools.UnitTesting.TestContext.ResultsDirectory">
            <summary>
            Gets base directory for results from the test run. Typically a subdirectory of <see cref="P:Microsoft.VisualStudio.TestTools.UnitTesting.TestContext.TestRunDirectory"/>。
            </summary>
        </member>
        <member name="P:Microsoft.VisualStudio.TestTools.UnitTesting.TestContext.TestRunResultsDirectory">
            <summary>
            Gets directory for test run result files. Typically a subdirectory of <see cref="P:Microsoft.VisualStudio.TestTools.UnitTesting.TestContext.ResultsDirectory"/>。
            </summary>
        </member>
        <member name="P:Microsoft.VisualStudio.TestTools.UnitTesting.TestContext.TestResultsDirectory">
            <summary>
            Gets directory for test result files.
            </summary>
        </member>
        <member name="P:Microsoft.VisualStudio.TestTools.UnitTesting.TestContext.TestDir">
            <summary>
            Gets base directory for the test run, under which deployed files and result files are stored.
            Same as <see cref="P:Microsoft.VisualStudio.TestTools.UnitTesting.TestContext.TestRunDirectory"/>。代わりにそのプロパティを使用します。
            </summary>
        </member>
        <member name="P:Microsoft.VisualStudio.TestTools.UnitTesting.TestContext.TestDeploymentDir">
            <summary>
            Gets directory for files deployed for the test run. Typically a subdirectory of <see cref="P:Microsoft.VisualStudio.TestTools.UnitTesting.TestContext.TestRunDirectory"/>.
            Same as <see cref="P:Microsoft.VisualStudio.TestTools.UnitTesting.TestContext.DeploymentDirectory"/>。代わりにそのプロパティを使用します。
            </summary>
        </member>
        <member name="P:Microsoft.VisualStudio.TestTools.UnitTesting.TestContext.TestLogsDir">
            <summary>
            Gets directory for test run result files. Typically a subdirectory of <see cref="P:Microsoft.VisualStudio.TestTools.UnitTesting.TestContext.ResultsDirectory"/>.
            Same as <see cref="P:Microsoft.VisualStudio.TestTools.UnitTesting.TestContext.TestRunResultsDirectory"/>。テスト実行結果ファイルのそのプロパティを使用するか、または
            <see cref="P:Microsoft.VisualStudio.TestTools.UnitTesting.TestContext.TestResultsDirectory"/> 代わりにテスト固有の結果ファイル。
            </summary>
        </member>
        <member name="P:Microsoft.VisualStudio.TestTools.UnitTesting.TestContext.FullyQualifiedTestClassName">
            <summary>
            Gets the Fully-qualified name of the class containing the test method currently being executed
            </summary>
        </member>
        <member name="P:Microsoft.VisualStudio.TestTools.UnitTesting.TestContext.TestName">
            <summary>
            Gets the name of the test method currently being executed
            </summary>
        </member>
        <member name="P:Microsoft.VisualStudio.TestTools.UnitTesting.TestContext.CurrentTestOutcome">
            <summary>
            現在のテスト成果を取得します。
            </summary>
        </member>
        <member name="M:Microsoft.VisualStudio.TestTools.UnitTesting.TestContext.WriteLine(System.String)">
            <summary>
            テストの実行中にトレース メッセージを書き込むために使用されます
            </summary>
            <param name="message">書式設定されたメッセージ文字列</param>
        </member>
        <member name="M:Microsoft.VisualStudio.TestTools.UnitTesting.TestContext.WriteLine(System.String,System.Object[])">
            <summary>
            テストの実行中にトレース メッセージを書き込むために使用されます
            </summary>
            <param name="format">書式設定文字列</param>
            <param name="args">引数</param>
        </member>
        <member name="M:Microsoft.VisualStudio.TestTools.UnitTesting.TestContext.AddResultFile(System.String)">
            <summary>
            TestResult.ResultFileNames の一覧にファイル名を追加する
            </summary>
            <param name="fileName">
            ファイル名。
            </param>
        </member>
        <member name="M:Microsoft.VisualStudio.TestTools.UnitTesting.TestContext.BeginTimer(System.String)">
            <summary>
            指定した名前のタイマーを開始する
            </summary>
            <param name="timerName"> Name of the timer.</param>
        </member>
        <member name="M:Microsoft.VisualStudio.TestTools.UnitTesting.TestContext.EndTimer(System.String)">
            <summary>
            指定した名前のタイマーを終了する
            </summary>
            <param name="timerName"> Name of the timer.</param>
        </member>
    </members>
</doc>
